"id","resources_z_true","acute_stress_z_true","alpha_true","beta_true","fold_margin_true","in_bifurcation_region_true","adaptive_functioning_canonical_true"
"P0001",0.778703405168266,-1.24022283664758,0.622962724134613,-0.990222836647584,-14.362046419192,FALSE,1.62746349093167
"P0002",-1.23921516955663,0.722811180777464,-0.991372135645302,0.972811180777464,-22.8535806493669,FALSE,-1.53328739901579
"P0003",0.842847139374734,2.02362263266747,0.674277711499787,2.27362263266747,34.7371327697999,TRUE,1.66594641984659
"P0004",-1.03393808598764,1.60673684063081,-0.827150468790114,1.85673684063081,7.13138756866329,TRUE,-1.47297024759281
"P0005",0.699862110817277,0.496636800828091,0.559889688653822,0.746636800828091,-6.79896446004199,FALSE,1.65789860516175
"P0006",0.0375933248349252,0.893560051138501,0.0300746598679402,1.1435600511385,5.95744817033734,TRUE,1.02694417414211
"P0007",1.65631190282762,-0.668203752494121,1.3250495222621,-0.418203752494121,-47.697984325752,FALSE,-0.515880698522654
"P0008",0.364820697654181,0.198876641951287,0.291856558123345,0.448876641951287,-1.93808971531828,FALSE,0.0822688399602786
"P0009",1.13432569956,0.558999884379301,0.907460559647999,0.808999884379301,-20.1161864096083,FALSE,-1.1565483253856
"P0010",-1.27270637538756,0.90483486634738,-1.01816510031005,1.15483486634738,-21.8292722613322,FALSE,-0.748654620421929
"P0011",0.645897390873289,0.0531947362064071,0.516717912698631,0.303194736206407,-7.09744264684691,FALSE,0.746145824469818
"P0012",-0.208934402053066,0.410054779880252,-0.167147521642453,0.660054779880252,0.395936431394542,TRUE,-0.86607374233738
"P0013",2.030886246467,-0.470725370683097,1.6247089971736,-0.220725370683097,-71.3143564743032,FALSE,0.566553860934837
"P0014",-2.24268682175688,-1.22082648047963,-1.7941494574055,-0.970826480479625,-90.5722830177207,FALSE,-0.59790487635139
"P0015",1.0751262674941,-2.32701521850511,0.860101013995277,-2.07701521850511,-55.8148013218228,FALSE,-0.0648209356691267
"P0016",-0.176469400368214,0.943695578084184,-0.141175520294571,1.19369557808418,6.26550668227116,TRUE,0.082393225390011
"P0017",0.390991625969306,-1.03089808703704,0.312793300775445,-0.780898087037038,-4.54644282941205,FALSE,0.471611828490832
"P0018",-0.609916378763595,-0.567239989210848,-0.487933103010876,-0.317239989210848,-6.5558349178289,FALSE,0.792861612734604
"P0019",0.842103907468738,0.492758700448646,0.67368312597499,0.742758700448646,-10.6148301270629,FALSE,1.84619740003907
"P0020",1.26057928624274,0.851266685933033,1.0084634289942,1.10126668593303,-22.1165456985176,FALSE,1.90233304528582
"P0021",1.85666081089718,-0.56531727756403,1.48532864871774,-0.31531727756403,-59.6928339199822,FALSE,0.906996564603623
"P0022",0.274251027105594,-0.299956132240147,0.219400821684475,-0.0499561322401472,-1.30019014012872,FALSE,-0.755914348445281
"P0023",1.28789188304796,0.641081658898349,1.03031350643837,0.891081658898349,-25.8315699971589,FALSE,0.842028231214983
"P0024",-0.721422988207142,-1.14204686661487,-0.577138390565714,-0.89204686661487,-11.8327721467997,FALSE,0.217665985146418
"P0025",-0.295912369963225,-1.07343314369424,-0.23672989597058,-0.823433143694243,-3.74639766906744,FALSE,-0.0874712663319512
"P0026",-0.516615244772653,0.41364870489622,-0.413292195818122,0.66364870489622,-3.44271971248185,FALSE,-0.799289196205653
"P0027",1.67438542585645,-0.637439686551233,1.33950834068516,-0.387439686551233,-48.6782635857771,FALSE,0.171212525750943
"P0028",-1.88219927241355,-1.14406715426804,-1.50575941793084,-0.894067154268035,-64.0761205162442,FALSE,0.214812006843267
"P0029",-0.525504422601878,0.249219974175132,-0.420403538081503,0.499219974175132,-4.2742930691803,FALSE,-0.860871943779929
"P0030",-0.768868722388126,-1.89132700750854,-0.615094977910501,-1.64132700750854,-27.9018695575313,FALSE,-1.0465822764691
"P0031",1.01842704988783,0.416892252114795,0.814741639910267,0.666892252114795,-16.7363176599677,FALSE,1.07000521535845
"P0032",-0.390635713355825,-0.575074703813271,-0.31250857068466,-0.325074703813271,-2.77427059113653,FALSE,-1.05889695415099
"P0033",-0.0990313594921155,0.353011376639399,-0.0792250875936924,0.603011376639399,0.707605957104087,TRUE,-0.694112347370623
"P0034",-0.330242534884553,1.3055568223531,-0.264194027907643,1.5555568223531,13.1717191323733,TRUE,-0.67894403635216
"P0035",0.33526208136502,0.128141492833704,0.268209665092016,0.378141492833704,-1.72600015654915,FALSE,-0.547940315361962
"P0036",0.0122176469784312,2.17990543115095,0.00977411758274497,2.42990543115095,57.3863478245088,TRUE,1.90948400662587
"P0037",1.42683782298484,-0.296539187929342,1.14147025838788,-0.0465391879293415,-35.1801706673366,FALSE,1.38264872612936
"P0038",0.249917303467973,0.71922643975276,0.199933842774378,0.96922643975276,2.56267922929569,TRUE,1.77918696024315
"P0039",1.7114883220798,-1.79203629610569,1.36919065766384,-1.54203629610569,-65.2835265591749,FALSE,1.11321496769872
"P0040",-0.282860748867318,-0.550431937189786,-0.226288599093855,-0.300431937189786,-1.49104347629456,FALSE,0.594273475019113
"P0041",2.30485383213721,-0.729991240859895,1.84388306570977,-0.479991240859895,-92.239772303475,FALSE,0.812077405020368
"P0042",-0.000710715152485057,0.812593451249408,-0.000568572121988046,1.06259345124941,4.7991089178401,TRUE,-1.06806024498728
"P0043",0.593822223868409,1.0244847672978,0.475057779094727,1.2744847672978,2.18728353520807,TRUE,-1.73498027570935
"P0044",-0.537838170400121,0.826551197386166,-0.430270536320097,1.07655119738617,-0.00785404464530082,FALSE,1.72879863461754
"P0045",0.173277777598324,-1.12372659698527,0.138622222078659,-0.873726596985266,-3.18684038013124,FALSE,-0.49502917580116
"P0046",0.373740217648696,0.333801203506453,0.298992174118957,0.583801203506453,-1.61780716089606,FALSE,1.03010708532287
"P0047",0.331464328150149,0.763591956701306,0.265171462520119,1.01359195670131,2.26680099739502,TRUE,1.0523694265917
"P0048",0.181618008118915,-0.214067028235844,0.145294406495132,0.0359329717641558,-0.569796959570308,FALSE,-0.840227479970087
"P0049",-0.312541535252024,-0.205965954895032,-0.250033228201619,0.0440340451049685,-1.68760708298489,FALSE,-0.0906888008785346
"P0050",-0.219178691453634,-0.0561968714815456,-0.175342953162907,0.193803128518454,-0.801002370306984,FALSE,1.95847380672017
"P0051",-0.576366538802579,1.83113713237675,-0.461093231042063,2.08113713237675,30.3143284268412,TRUE,-1.59152859890586
"P0052",1.51153809418179,-0.11568756771037,1.20923047534543,0.13431243228963,-39.4707433541162,FALSE,1.48595371977514
"P0053",0.607126764952768,1.56343422923275,0.485701411962214,1.81343422923275,17.4847726041374,TRUE,0.85405674849892
"P0054",0.458891642747597,-1.65944721815441,0.367113314198078,-1.40944721815441,-14.8385503499449,FALSE,0.558140691531569
"P0055",-1.40861046371133,-0.335915212748381,-1.12688837096906,-0.0859152127483814,-34.2892265232618,FALSE,-1.4173827641896
"P0056",-1.93955398104426,-0.826823423476723,-1.55164318483541,-0.576823423476723,-65.7728023707658,FALSE,-0.103481241475673
"P0057",0.786849753611635,-0.869728278880756,0.629479802889308,-0.619728278880756,-11.6506693546839,FALSE,0.479366105678346
"P0058",-0.00323927930274607,0.711398083156334,-0.00259142344219686,0.961398083156334,3.55424689174879,TRUE,-0.575169022879345
"P0059",-0.0796341028656867,-0.239879139858015,-0.0637072822925493,0.0101208601419848,-0.109578534269676,FALSE,0.44300858078993
"P0060",-0.789800844886702,0.767039502177868,-0.631840675909362,1.01703950217787,-6.571033321747,FALSE,-1.34573902972602
"P0061",-1.750845319249,0.863843957080675,-1.4006762553992,1.11384395708067,-47.4435825380336,FALSE,-1.86074718011195
"P0062",-0.3719436687078,-0.848100327813009,-0.29755493496624,-0.598100327813009,-3.24637073347681,FALSE,0.0458619986768411
"P0063",-0.706140046832183,-0.413430457676837,-0.564912037465747,-0.163430457676837,-8.63385206470386,FALSE,-0.20229340570105
"P0064",2.22222321749721,1.13440989547572,1.77777857399777,1.38440989547572,-74.7200209228326,FALSE,2.08067768744499
"P0065",0.256795181721,-0.338186788603615,0.2054361453768,-0.0881867886036154,-1.14225154809775,FALSE,0.855587248640381
"P0066",-0.93632505655724,0.992696758449659,-0.749060045245792,1.24269675844966,-7.47309296451154,FALSE,-1.59127625825027
"P0067",0.473711534519838,0.155172629306629,0.378969227615871,0.405172629306629,-3.6116168068367,FALSE,0.682037388019724
"P0068",-1.50820981976054,0.262552637752914,-1.20656785580843,0.512552637752914,-38.7681505109363,FALSE,-0.435026135805347
"P0069",-0.47255344573426,1.02958412006504,-0.378042756587408,1.27958412006504,4.52169332727141,TRUE,-0.94186797824967
"P0070",0.286559900389889,-0.594347388375462,0.229247920311911,-0.344347388375462,-1.58229857905696,FALSE,0.16881788084076
"P0071",0.182356391942668,-0.985500213038225,0.145885113554134,-0.735500213038225,-2.16613303007391,FALSE,1.25842958979807
"P0072",1.37799508116229,0.503837283556019,1.10239606492983,0.753837283556019,-31.0989468545439,FALSE,0.93339979659858
"P0073",-0.903670582155914,0.287673213582202,-0.722936465724731,0.537673213582202,-13.4894534629357,FALSE,-0.710469963316507
"P0074",1.89967071970422,-0.033438709477667,1.51973657576337,0.216561290522333,-62.3185541600939,FALSE,1.00699462855587
"P0075",-0.467960306962037,-0.153759113826496,-0.374368245569629,0.0962408861735039,-3.78052709786809,FALSE,0.0403079305312604
"P0076",0.662837106196579,0.0119533511910487,0.530269684957263,0.261953351191049,-7.52011985427503,FALSE,-1.69355235083555
"P0077",0.261443350834377,-0.000644848292680913,0.209154680667501,0.249355151707319,-1.1191157618225,FALSE,1.67004446207215
"P0078",0.545199843023334,0.261119420967099,0.436159874418667,0.511119420967099,-4.60225116210279,FALSE,-0.514936180518276
"P0079",0.195430618108934,-0.739940409315613,0.156344494487148,-0.489940409315613,-1.1304015540234,FALSE,0.719160745720357
"P0080",-1.36157799293273,-0.158466639645809,-1.08926239434619,0.0915333603541905,-32.0322316245564,FALSE,-1.08853844977295
"P0081",-0.156738897632478,0.18834993587318,-0.125391118105982,0.43834993587318,-0.0876022485291005,FALSE,-0.411694590298814
"P0082",0.420694560944098,1.50251797646107,0.336555648755278,1.75251797646107,18.4718868159715,TRUE,-1.7635172254227
"P0083",-0.32518067175948,0.0536841977749883,-0.260144537407584,0.303684197774988,-1.7152018717094,FALSE,-0.993245359465687
"P0084",-1.81055040240443,-1.07986625490598,-1.44844032192354,-0.829866254905983,-58.9314854209064,FALSE,-0.452805792244902
"P0085",-0.345704557782781,0.0712869058251555,-0.276563646226225,0.321286905825156,-1.93250144324728,FALSE,-0.369523021662538
"P0086",-0.293620006106262,1.01049648879198,-0.234896004885009,1.26049648879198,6.52121084086497,TRUE,1.54252232322348
"P0087",0.496776292929917,-1.49371104064193,0.397421034343934,-1.24371104064193,-11.9596482027976,FALSE,0.412096525734122
"P0088",-0.457498990785317,0.97012466173152,-0.365999192628254,1.22012466173152,3.64882274265328,TRUE,-1.34403813231483
"P0089",0.0941099190932301,0.0992011580209307,0.0752879352745841,0.349201158020931,0.0172850041318114,TRUE,-0.599464394090428
"P0090",1.2175178471358,0.0765173440730249,0.974014277708636,0.326517344073025,-25.4757582291823,FALSE,0.877483249551538
"P0091",2.02802338547226,-0.476902488630673,1.62241870837781,-0.226902488630673,-71.117274624884,FALSE,0.673403879392469
"P0092",0.692773262182876,0.689735552651998,0.554218609746301,0.939735552651998,-4.97374041886314,FALSE,0.495345584621268
"P0093",-0.251614410741789,1.22475374819706,-0.201291528593431,1.47475374819706,11.7357660082683,TRUE,-1.72008932727808
"P0094",1.37503071388613,-1.16079354519405,1.1000245711089,-0.910793545194049,-35.6936360359474,FALSE,-0.0440495088685138
"P0095",1.10277512404064,0.16890856593307,0.882220099232512,0.41890856593307,-20.7203845432679,FALSE,1.46126208105027
"P0096",0.271605844017841,1.05848232665587,0.217284675214273,1.30848232665587,7.68640543145159,TRUE,-0.693354776224616
"P0097",1.14234263475494,-0.950763425399887,0.913874107803949,-0.700763425399887,-23.9259727314957,FALSE,1.42601785611967
"P0098",1.34410959261023,2.41082731970045,1.07528767408818,2.66082731970045,44.1360745341898,TRUE,1.36171879327564
"P0099",0.954033339566739,0.36462311009052,0.763226671653391,0.61462311009052,-14.7991797548708,FALSE,0.869264374538187
"P0100",0.342544124185011,0.968722652723986,0.274035299348009,1.21872265272399,5.21302711149886,TRUE,-2.15083395381177
"P0101",-0.277924356803119,0.0213060470674051,-0.222339485442495,0.271306047067405,-1.25486079769976,FALSE,-0.650800661354615
"P0102",-0.110146137126287,-1.60119504648602,-0.0881169097010299,-1.35119504648602,-10.0773027332129,FALSE,-0.664123837509749
"P0103",-0.273058875121396,-0.464827247167482,-0.218447100097117,-0.214827247167482,-1.32807441058219,FALSE,-0.503704084029464
"P0104",0.981314772875559,0.943017253736197,0.785051818300447,1.1930172537362,-9.8482327416394,FALSE,0.0674711464855957
"P0105",-0.194088132785357,0.140334682175537,-0.155270506228285,0.390334682175537,-0.413053726544829,FALSE,-1.40194361894319
"P0106",1.26432953392408,0.540693265611196,1.01146362713926,0.790693265611196,-25.6452315012949,FALSE,1.61625302298721
"P0107",0.5820937175558,-1.19991464151846,0.46567497404464,-0.949914641518458,-9.28361154989348,FALSE,0.138075818424038
"P0108",1.03228995732475,-0.975313537957605,0.825831965859801,-0.725313537957605,-19.9402487636218,FALSE,0.20903647107484
"P0109",-0.0915790918605764,-0.451399493238029,-0.0732632734884611,-0.201399493238029,-0.177599163854131,FALSE,0.94764293579336
"P0110",0.0606142656840057,2.32999422434802,0.0484914125472046,2.57999422434802,68.6300983989826,TRUE,-1.31046740274354
"P0111",0.555713386161226,-0.00709634319733737,0.444570708928981,0.242903656802663,-5.27903672398639,FALSE,-0.920636446230828
"P0112",-2.08445048386028,1.1546500756214,-1.66756038708823,1.4046500756214,-63.9947229531889,FALSE,-1.54278527021578
"P0113",1.2036890205316,0.338579153024207,0.962951216425281,0.588579153024207,-24.2208311011166,FALSE,-1.05950663106815
"P0114",0.209781942905148,-0.319686791983643,0.167825554324118,-0.0696867919836433,-0.761819916122448,FALSE,-0.296230506326855
"P0115",-0.972954424938821,0.0951592877485198,-0.778363539951057,0.34515928774852,-16.1934624930289,FALSE,-1.21161237689042
"P0116",0.306257134164165,-0.148171520365582,0.245005707331332,0.101828479634418,-1.61652705485865,FALSE,-0.179175494282118
"P0117",-0.727863097147344,-1.57688682986941,-0.582290477717876,-1.32688682986941,-18.4992993330664,FALSE,-0.672115968084904
"P0118",-0.150472870540948,-2.48395784393897,-0.120378296432758,-2.23395784393897,-44.9861262010722,FALSE,0.0544318894962851
"P0119",-0.944058687463261,-1.35716420391617,-0.755246949970609,-1.10716420391617,-20.8294480093691,FALSE,0.0604753278337212
"P0120",0.117562317694459,-0.513764831460075,0.0940498541555675,-0.263764831460075,-0.312227594273567,FALSE,1.66163371732176
"P0121",-0.327003862835881,0.97309851786003,-0.261603090268705,1.22309851786003,5.4710979080592,TRUE,0.111678350096758
"P0122",-0.2872826266766,1.08877527148787,-0.22982610134128,1.33877527148787,8.17190964665209,TRUE,-1.29267236983322
"P0123",1.49015763875287,-0.390146361386119,1.1921261110023,-0.140146361386119,-38.3824564026023,FALSE,0.989506504348321
"P0124",0.559380596368212,0.668590152779002,0.44750447709457,0.918590152779002,-2.30657254312714,FALSE,0.0937443787652494
"P0125",0.184468938582961,-0.80735292052373,0.147575150866369,-0.55735292052373,-1.28056700269944,FALSE,0.125562081899857
"P0126",1.86249570687833,0.910777094843291,1.48999656550266,1.16077709484329,-53.6862833469725,FALSE,0.638352281788558
"P0127",1.0954038526422,0.660032137145128,0.876323082113756,0.910032137145128,-17.7198345301077,FALSE,-1.06013885743793
"P0128",-0.548695663331015,0.71866678612359,-0.438956530664812,0.96866678612359,-1.56677693804793,FALSE,-0.717231207012194
"P0129",1.12791912830463,0.0693093370681711,0.902335302643707,0.319309337068171,-21.8534178129118,FALSE,0.951065707489692
"P0130",1.21134357144813,-0.552985732106273,0.9690748571585,-0.302985732106273,-25.4671209166603,FALSE,0.656815004039172
"P0131",-0.958745652753853,1.60928584366298,-0.766996522203083,1.85928584366298,9.82612808207687,TRUE,-1.29844217344968
"P0132",1.01422296135825,0.0651634873576623,0.811378369086601,0.315163487357662,-17.6498228957375,FALSE,1.16107419676329
"P0133",1.26282098614703,1.19549741469166,1.01025678891763,1.44549741469166,-15.4754548854446,FALSE,1.44483353033548
"P0134",0.951420815255606,0.375626425161375,0.761136652204484,0.625626425161375,-14.6623812778935,FALSE,1.3245952431073
"P0135",-1.13131722662277,-1.48354857862592,-0.905053781298215,-1.23354857862592,-29.6243811480933,FALSE,-0.0140582110957713
"P0136",1.34544136477689,0.752713581247736,1.07635309182151,1.00271358124774,-27.2478199962134,FALSE,2.07959997855861
"P0137",-1.39300346997796,-0.608976433454552,-1.11440277598237,-0.358976433454552,-33.7161624431978,FALSE,-0.932357047852222
"P0138",1.90950259260705,0.107511988288576,1.52760207408564,0.357511988288576,-62.823557288015,FALSE,1.73103247241666
"P0139",0.210858775060365,1.69824921803942,0.168687020048292,1.94824921803942,28.8113901344444,TRUE,1.57909912351251
"P0140",-0.640388637810078,-0.789825486779332,-0.512310910248062,-0.539825486779332,-7.71573219716285,FALSE,0.782049559065051
"P0141",0.0537295040474995,1.16958712545724,0.0429836032379996,1.41958712545724,11.3932797277348,TRUE,-0.657850271300358
"P0142",-0.913650339318264,0.0442024353231427,-0.730920271454611,0.294202435323143,-14.3227411140227,FALSE,-0.655405448097729
"P0143",0.00145163063171457,0.539479304616908,0.00116130450537165,0.789479304616908,1.9682225648646,TRUE,-1.69258485011017
"P0144",0.78568743883565,-0.531977318261943,0.62854995106852,-0.281977318261943,-10.7567075355129,FALSE,0.260623173461898
"P0145",0.581597278220596,-1.09439547332308,0.465277822576477,-0.844395473323082,-8.25328164777955,FALSE,0.859352564035901
"P0146",0.674089541925143,0.575698071677668,0.539271633540114,0.825698071677668,-5.60020633190931,FALSE,1.08388128643607
"P0147",-1.19909665535031,0.580885353805711,-0.959277324280248,0.830885353805711,-22.5512757389368,FALSE,-0.456180265933863
"P0148",0.793832680934773,-0.243314374801863,0.635066144747818,0.00668562519813656,-10.889342026206,FALSE,-0.156301574781391
"P0149",0.883644532030261,1.67663906236204,0.706915625624209,1.92663906236204,15.11355763464,TRUE,0.447263247221936
"P0150",-0.651353850915542,0.970588572637054,-0.521083080732433,1.22058857263705,-0.0573351291639934,FALSE,0.798315930104486
"P0151",-0.362311397428242,0.319958231266043,-0.289849117942594,0.569958231266043,-1.52772863765368,FALSE,-0.232229177951237
"P0152",-1.76670501352981,1.18566711500174,-1.41336401082384,1.43566711500174,-42.0986972879942,FALSE,-0.997396266108195
"P0153",0.191997577450242,-0.622393622574144,0.153598061960193,-0.372393622574144,-0.843563581910088,FALSE,0.503255935193572
"P0154",-1.45507987533302,-1.40060797664516,-1.16406390026642,-1.15060797664516,-42.6793623166225,FALSE,-0.664820081369911
"P0155",0.128072803971683,-1.818477659832,0.102458243177346,-1.568477659832,-15.7180243256603,FALSE,1.01803413077802
"P0156",-0.446217860379863,-0.0548656677476809,-0.356974288303891,0.195134332252319,-3.41090650972978,FALSE,-0.58472181035432
"P0157",-0.369701370538366,-0.71896357268952,-0.295761096430693,-0.46896357268952,-2.7743655987871,FALSE,0.801854471244035
"P0158",0.694771838641596,-1.09639182385258,0.555817470913277,-0.846391823852575,-10.7665423642972,FALSE,1.06403846702571
"P0159",0.260389812484773,0.316340787252109,0.208311849987819,0.566340787252109,-0.445036472979451,FALSE,0.909652090151578
"P0160",-0.91844253758289,0.632511210329158,-0.734754030066312,0.882511210329158,-11.8270232549407,FALSE,-0.211355243894815
"P0161",-0.210994631664034,1.4263223962635,-0.168795705331227,1.6763223962635,18.072960701229,TRUE,-0.00673982279346788
"P0162",0.0904654846257541,-1.03811806585187,0.0723723877006033,-0.78811806585187,-2.09951495474694,FALSE,0.729839422794576
"P0163",0.211960739990741,0.0854563099719037,0.169568591992593,0.335456309971904,-0.625347849480709,FALSE,0.287253550011077
"P0164",1.83233039153642,-0.594303003641029,1.46586431322914,-0.344303003641029,-58.1797319795402,FALSE,0.839730045851963
"P0165",0.209974511197924,0.227412163919855,0.167979608958339,0.477412163919855,-0.326611368094235,FALSE,-0.150819460107859
"P0166",0.425001472251772,0.903338052585208,0.340001177801418,1.15333805258521,3.01540718664589,TRUE,0.635081478885079
"P0167",-0.0159979346240788,0.193224611675576,-0.012798347699263,0.443224611675576,0.343859916036877,TRUE,1.171949089754
"P0168",0.560592042445632,-0.370951296429363,0.448473633956506,-0.120951296429363,-5.43754990017816,FALSE,1.70393404963179
"P0169",-0.000382782664690369,-0.528598684693626,-0.000306226131752296,-0.278598684693626,-0.0864987614429952,FALSE,-0.68472118230941
"P0170",-0.888663956133465,-0.506528623634647,-0.710931164906772,-0.256528623634647,-13.7139497229458,FALSE,0.389409429345878
"P0171",-0.260859776449264,0.183528167345742,-0.208687821159411,0.433528167345742,-0.849945676027868,FALSE,0.569791058725801
"P0172",0.719872074831538,-1.86971467907091,0.57589765986523,-1.61971467907091,-25.9518971227562,FALSE,0.397204913883143
"P0173",-1.13283987546863,-1.39701711147716,-0.906271900374902,-1.14701711147716,-28.2121606902371,FALSE,-0.308841787196761
"P0174",2.27607995030356,-0.743431036425734,1.82086396024285,-0.493431036425734,-90.0002810493396,FALSE,1.69578914246247
"P0175",0.713416583719582,0.204319432249239,0.570733266975665,0.454319432249239,-8.41978718168578,FALSE,-0.655362152678923
"P0176",0.150050360489151,0.338713032173797,0.120040288391321,0.588713032173797,0.427090683375298,TRUE,-0.54250602553298
"P0177",0.242475716575651,0.883938472469347,0.193980573260521,1.13393847246935,4.81617851148054,TRUE,-1.32350506350205
"P0178",-1.55439993054516,-0.0444220039533057,-1.24351994443613,0.205577996046694,-41.7164772036676,FALSE,-1.10845008306329
"P0179",0.297148463217296,-1.23289371999665,0.237718770573837,-0.982893719996648,-5.32399188970298,FALSE,-0.60701789693152
"P0180",-0.112908310145912,0.212654668612884,-0.09032664811673,0.462654668612884,0.175833319559608,TRUE,1.47280955370982
"P0181",0.0502072690328556,0.00766160930036647,0.0401658152262845,0.257661609300366,0.0248652034548466,TRUE,-1.54723070502285
"P0182",-0.70044695072581,0.699393862809634,-0.560357560580648,0.949393862809634,-5.05507636217347,FALSE,-1.71540695276358
"P0183",-0.875591139442714,0.952819253181822,-0.700472911554172,1.20281925318182,-6.28705085664366,FALSE,0.487823083423549
"P0184",-0.157242891246143,0.438101270646253,-0.125794312996914,0.688101270646253,0.875964354985061,TRUE,0.00524015817948634
"P0185",-1.17599119502624,1.08068725010699,-0.940792956020989,1.33068725010699,-14.4723237646848,FALSE,-1.12607387700559
"P0186",0.228433915550112,-0.697336224258748,0.18274713244009,-0.447336224258748,-1.25977115533685,FALSE,0.689394568504763
"P0187",-1.8487573002078,-0.0876744080954701,-1.47900584016624,0.16232559190453,-59.0442645754088,FALSE,-0.678232608071428
"P0188",-0.837425855279145,1.37786531291606,-0.669940684223316,1.62786531291606,5.13686324228257,TRUE,-1.11020708851557
"P0189",-0.271057955099016,-0.0666732684314238,-0.216846364079212,0.183326731568576,-1.24495784605586,FALSE,-0.918459110677048
"P0190",2.33751082454794,-1.47271339292093,1.87000865963835,-1.22271339292093,-101.729137687514,FALSE,0.902051410042186
"P0191",-1.11591657898593,-1.61069939092855,-0.892733263188747,-1.36069939092855,-31.5956174442937,FALSE,0.552584668409756
"P0192",-0.066706125366624,0.045363988635548,-0.0533649002932992,0.295363988635548,0.0261791427820801,TRUE,1.07774326073074
"P0193",-1.25263853469871,-0.128496272844677,-1.00211082775897,0.121503727155323,-27.1069298862429,FALSE,-0.472491845430112
"P0194",-2.33864199463639,-2.04235524719103,-1.87091359570911,-1.79235524719103,-117.540610006633,FALSE,-1.10400758307929
"P0195",-0.0257350618894567,0.123651427117165,-0.0205880495115654,0.373651427117165,0.197225527236938,TRUE,0.605292463011492
"P0196",1.21096733159585,-0.23303264081288,0.968773865276682,0.0169673591871202,-25.3400961161454,FALSE,-0.449702268832166
"P0197",-0.184448718665259,0.727491419530946,-0.147558974932207,0.977491419530946,3.14804247481973,TRUE,-1.51553024894606
"P0198",-1.6814567930149,0.958406597023163,-1.34516543441192,1.20840659702316,-41.7974052067436,FALSE,-1.18290184685786
"P0199",0.376938310670944,0.426471225825038,0.301550648536755,0.676471225825038,-1.21693645565904,FALSE,-1.04071025587132
"P0200",0.128941631913721,-1.83512736777543,0.103153305530976,-1.58512736777543,-16.2186428466097,FALSE,-0.854433513321829
"P0201",-0.498988144847763,2.27878388084544,-0.39919051587821,2.52878388084544,60.3812089733308,TRUE,-1.77395292398154
"P0202",1.29047301040542,-1.31356089632854,1.03237840832434,-1.06356089632854,-33.5889775526709,FALSE,-0.1737295624319
"P0203",0.0965586272015217,-1.48020590744432,0.0772469017612174,-1.23020590744432,-7.60831809775382,FALSE,-0.398635701534231
"P0204",-0.55455272109598,-0.670199701802123,-0.443642176876784,-0.420199701802123,-5.6108712196131,FALSE,0.879779906940793
"P0205",0.564198387660717,-1.58888742327011,0.451358710128574,-1.33888742327011,-15.1010294860759,FALSE,-0.416902897236086
"P0206",0.344816392527864,-0.262275109394199,0.275853114022291,-0.0122751093941988,-2.05457079229746,FALSE,0.27714266285262
"P0207",-0.105445630008934,0.341076206601691,-0.0843565040071469,0.591076206601691,0.633887201660412,TRUE,-0.857258598642694
"P0208",-2.12523541888236,1.20539476461969,-1.70018833510589,1.45539476461969,-65.7161731803891,FALSE,-1.50081561185131
"P0209",1.00157339740409,-0.239282091959665,0.80125871792327,0.0107179080403349,-17.3344144674804,FALSE,1.14432027805308
"P0210",0.728750036274529,0.613044659810758,0.583000029019623,0.863044659810758,-6.60566217002924,FALSE,0.866369287415052
"P0211",0.778882414439493,-0.91453677742059,0.623105931551594,-0.66453677742059,-11.6569090808891,FALSE,0.0293909950897876
"P0212",0.919969812172775,-1.28723757605684,0.73597584973822,-1.03723757605684,-19.0885292852859,FALSE,-0.00443387918224742
"P0213",-1.85168600503104,0.553982425670336,-1.48134880402483,0.803982425670336,-57.1699080029713,FALSE,-1.2564014597109
"P0214",1.067771832515,-0.521498359115691,0.854217466012003,-0.271498359115691,-19.7816119915486,FALSE,-0.210310298308446
"P0215",1.58538366279544,-0.573659211235159,1.26830693023635,-0.323659211235159,-43.5678867223956,FALSE,-0.804785698938756
"P0216",1.65145652351111,-1.30107536768427,1.32116521880889,-1.05107536768427,-51.7726351458136,FALSE,-0.36545331880494
"P0217",-1.28286523870458,-0.813074271848137,-1.02629219096366,-0.563074271848137,-29.1525395810419,FALSE,-1.29328443048827
"P0218",-1.47418444447681,0.422567946751365,-1.17934755558145,0.672567946751365,-36.336299633236,FALSE,-1.26780962946429
"P0219",-0.238569141752782,0.0975595285012407,-0.190855313402226,0.347559528501241,-0.815557804113503,FALSE,-1.87942241680318
"P0220",-0.705527531010407,-0.589723891690835,-0.564422024808325,-0.339723891690835,-8.75828328990709,FALSE,-1.03904305927285
"P0221",-1.28509730183924,0.400694269044682,-1.02807784147139,0.650694269044682,-27.4354655942914,FALSE,-1.53284257962069
"P0222",0.903987147335091,-0.834962213678144,0.723189717868073,-0.584962213678144,-14.9217422697478,FALSE,1.37942268790891
"P0223",0.260869834285793,-0.759900555886911,0.208695867428634,-0.509900555886911,-1.70625073276011,FALSE,0.614369159693281
"P0224",-1.39333026359784,-0.485304634471443,-1.11466421087827,-0.235304634471443,-33.5989738244271,FALSE,-0.596782687753464
"P0225",1.72275075110894,-1.09726529662199,1.37820060088715,-0.847265296621992,-53.7176625213657,FALSE,-0.103712797760004
"P0226",-0.620083662475916,-0.0427854042947749,-0.496066929980732,0.207214595705225,-6.60863534458626,FALSE,-0.101531919594672
"P0227",1.26292558321047,-1.48053433828498,1.01034046656838,-1.23053433828498,-35.0144451959546,FALSE,1.0090166769708
"P0228",0.512736794426878,-0.182141544033632,0.410189435541502,0.0678584559663677,-4.54164518146447,FALSE,-0.950052440698604
"P0229",1.79421770473725,0.321384960306769,1.4353741637898,0.571384960306769,-54.8818879182552,FALSE,0.823689995129166
"P0230",0.156191654815705,0.163363025191894,0.124953323852564,0.413363025191894,-0.139036303372048,FALSE,0.518549642198666
"P0231",-0.898151213521545,2.13023939466439,-0.718520970817236,2.38023939466439,40.0020075538547,TRUE,-1.78486606134468
"P0232",0.0481517417049993,0.112884538427152,0.0385213933639995,0.362884538427152,0.151080835832394,TRUE,0.143154443633049
"P0233",1.14186035813988,-1.00703279760034,0.913488286511906,-0.757032797600336,-24.2658608564069,FALSE,0.969884485670609
"P0234",-0.505550140314846,0.31851211952078,-0.404440112251877,0.56851211952078,-3.68145253803007,FALSE,-0.579973604989774
"P0235",0.565820602393119,0.310486553518948,0.452656481914495,0.560486553518948,-4.82794645720069,FALSE,0.856871504510919
"P0236",-0.0917082021109059,-0.919159010840394,-0.0733665616887247,-0.669159010840394,-1.34385905770716,FALSE,-0.989368625494164
"P0237",0.143410578714384,-1.97966460150841,0.114728462971507,-1.72966460150841,-21.0542153112669,FALSE,0.342823394124531
"P0238",0.29021756150673,0.388443584775836,0.232174049205384,0.638443584775836,-0.41448480930075,FALSE,0.423026791343961
"P0239",1.29142168105584,1.07328102234643,1.03313734484467,1.32328102234643,-19.5504199788187,FALSE,1.7129738088706
"P0240",1.15384203239466,-0.580555427960262,0.923073625915727,-0.330555427960262,-23.1502278648574,FALSE,1.39935122733129
"P0241",-0.0184926059587862,-1.36620346150411,-0.014794084767029,-1.11620346150411,-5.56866632012008,FALSE,0.384405185855877
"P0242",-0.163193410634497,0.5711117160865,-0.130554728507598,0.8211117160865,1.75425187897153,TRUE,-0.166754120240747
"P0243",0.575650904566312,-0.422743699505066,0.46052072365305,-0.172743699505066,-5.7467610511709,FALSE,1.23683437848387
"P0244",-0.674656210015362,-2.47378228655116,-0.53972496801229,-2.22378228655116,-51.8534428821091,FALSE,-0.358374718005844
"P0245",-0.724055678759922,1.05222274307098,-0.579244543007938,1.30222274307098,-0.226000149761209,FALSE,-1.47462652321503
"P0246",0.137852115655216,-0.039957622768835,0.110281692524173,0.210042377231165,-0.29130896550537,FALSE,1.1548264896308
"P0247",-0.802135978087673,0.0125628512692994,-0.641708782470138,0.262562851269299,-11.0459308153936,FALSE,0.759571325742966
"P0248",0.0602681418507724,-2.11611166344024,0.048214513480618,-1.86611166344024,-26.0567508108088,FALSE,-0.352237993455489
"P0249",0.916085453703253,-1.65686468779246,0.732868362962603,-1.40686468779246,-25.6398434436597,FALSE,1.81194583277696
"P0250",-0.407787698373278,-0.167711066354079,-0.326230158698622,0.0822889336459212,-2.87127627628083,FALSE,0.842715181289162
"P0251",-1.06592375460267,0.653149660692141,-0.852739003682133,0.903149660692141,-16.686700859996,FALSE,-2.01820974325038
"P0252",0.671807642465935,-1.17372579670292,0.537446113972748,-0.923725796702916,-10.9516524177249,FALSE,0.548491262742953
"P0253",-2.01481980373995,-1.55769828397256,-1.61185584299196,-1.30769828397256,-79.0931875175198,FALSE,-0.768604852067756
"P0254",-0.581702208587477,-1.40994582479663,-0.465361766869982,-1.15994582479663,-12.0898717627476,FALSE,-1.35022774070076
"P0255",0.598974818311463,-0.302053290747836,0.47917985464917,-0.0520532907478359,-6.20012415669409,FALSE,-0.19290275849169
"P0256",-0.922468870997658,0.27135523002478,-0.737975096798126,0.52135523002478,-14.1375546533166,FALSE,-1.34505106169252
"P0257",0.0515603159958631,0.791470776599176,0.0412482527966905,1.04147077659918,4.47263421720909,TRUE,0.947475398363273
"P0258",-0.479832325299873,0.0316539154960229,-0.383865860239898,0.281653915496023,-3.88915775089644,FALSE,0.958040451686098
"P0259",1.0307999393446,0.0716479477538867,0.824639951475679,0.321647947753887,-18.2277308938733,FALSE,0.948250206355881
"P0260",1.48503372128782,0.0593342412728227,1.18802697703025,0.309334241272823,-37.9896207554058,FALSE,0.93885640979739
"P0261",-1.13635772165936,-1.50278855382906,-0.909086177327486,-1.25278855382906,-30.1787194123306,FALSE,-0.18560925745928
"P0262",-1.17003247797201,1.15531994829247,-0.936025982377606,1.40531994829247,-12.5543040143474,FALSE,-0.600680396303206
"P0263",0.341664224578764,0.254472351097206,0.273331379663012,0.504472351097206,-1.50363374126895,FALSE,-1.16191400937369
"P0264",-0.709196810829711,-1.12191923147155,-0.567357448663769,-0.871919231471548,-11.3426332920646,FALSE,0.561207634947602
"P0265",-0.164935799759568,-0.750064779969111,-0.131948639807655,-0.500064779969111,-0.970276340858522,FALSE,0.737470096286715
"P0266",0.19665462708757,-0.700206762491355,0.157323701670056,-0.450206762491355,-1.03327283563684,FALSE,-0.253818489030648
"P0267",-0.953952338185182,-0.641412414536464,-0.763161870548146,-0.391412414536464,-15.9650963842646,FALSE,0.184767134992475
"P0268",1.6079371565697,-2.2916986405132,1.28634972525576,-2.0416986405132,-78.7203370249844,FALSE,1.32573370934816
"P0269",1.70596732690503,1.07733982924089,1.36477386152402,1.32733982924089,-40.9362137605714,FALSE,1.2488783900804
"P0270",-1.0701031761924,-0.253252689916472,-0.856082540953917,-0.00325268991647165,-19.7876876946588,FALSE,0.0609997123894204
"P0271",-1.0714031176285,-1.71425096991604,-0.8571224941028,-1.46425096991604,-32.3933895036247,FALSE,-0.497268218183124
"P0272",-0.00397327245405604,-0.626655139135786,-0.00317861796324483,-0.376655139135786,-0.214015690641792,FALSE,0.645696678938518
"P0273",0.699955125952669,-1.8631880020399,0.559964100762135,-1.6131880020399,-25.2585983685553,FALSE,0.704327915784001
"P0274",1.61148271842187,-0.252978768689053,1.2891861747375,-0.00297876868905333,-44.8740269203492,FALSE,-0.508059796480869
"P0275",-0.0264973821942099,-0.348137284273075,-0.021197905755368,-0.098137284273075,-0.015913094539455,FALSE,0.865507465131163
"P0276",0.694982344213781,1.81362869416681,0.555985875371025,2.06362869416681,26.8061264810471,TRUE,1.54947408174537
"P0277",0.067705860463231,-0.788786378963862,0.0541646883705848,-0.538786378963862,-0.704831797946527,FALSE,-0.864120136039745
"P0278",-0.0949678229769121,0.39299732129177,-0.0759742583815297,0.642997321291771,0.907531163655668,TRUE,-0.35148930968438
"P0279",2.02014486090234,-1.08271568344569,1.61611588872187,-0.832715683445688,-72.8290968224299,FALSE,0.785342257556518
"P0280",1.39543590540881,-0.727927343946758,1.11634872432705,-0.477927343946758,-34.0849930356091,FALSE,0.979767943350505
"P0281",-1.69839417506424,0.199910608223494,-1.35871534005139,0.449910608223494,-49.4806163117251,FALSE,-1.7089120584637
"P0282",-0.251264237088176,0.874833549959425,-0.201011389670541,1.12483354995942,4.60183428702952,TRUE,0.0869543247532692
"P0283",-0.9215903284877,0.357840523422095,-0.73727226279016,0.607840523422095,-13.7780849154075,FALSE,-1.23609991136205
"P0284",0.137942674359464,0.664150920086815,0.110354139487571,0.914150920086815,2.72691398751749,TRUE,-0.306546745171737
"P0285",0.99670494722296,0.542843726148161,0.797363957778368,0.792843726148161,-15.1727806029131,FALSE,-0.279728094165024
"P0286",1.01657948365071,0.191565454712137,0.813263586920568,0.441565454712137,-17.5133510497379,FALSE,1.11649422568815
"P0287",-0.892528603140661,0.103051873661591,-0.714022882512529,0.353051873661591,-13.5893487857903,FALSE,-1.7189570976029
"P0288",0.734291974091797,0.413863619140114,0.587433579273438,0.663863619140114,-8.14681330468069,FALSE,-0.181259881497447
"P0289",-1.32099270851111,-0.256793144190781,-1.05679416680889,-0.00679314419078081,-30.1539768509627,FALSE,0.0287949387346209
"P0290",1.23834351039589,0.343642084015963,0.990674808316713,0.593642084015963,-25.6619637262895,FALSE,0.921329274650771
"P0291",0.0065041548591651,-0.291227904334455,0.00520332388733208,-0.0412279043344553,-0.00101132053411911,FALSE,0.32516615997438
"P0292",0.40965148661781,-1.34728816455647,0.327721189294248,-1.09728816455647,-8.18455294670331,FALSE,-0.036829495954127
"P0293",-1.48075198557528,-1.3900743530488,-1.18460158846023,-1.1400743530488,-43.8159205576239,FALSE,-1.61136531483744
"P0294",-0.294835319281691,-0.141873369107578,-0.235868255425353,0.108126630892422,-1.49705692270706,FALSE,-1.19448345063923
"P0295",-1.32080536613475,0.623908790412573,-1.0566442929078,0.873908790412573,-27.475748857364,FALSE,-1.63643131341109
"P0296",-0.234127209615843,0.613325844091137,-0.187301767692674,0.863325844091137,1.62664312173351,TRUE,0.111294209337214
"P0297",0.00902800311960858,0.765936565113819,0.00722240249568686,1.01593656511382,4.19289425691611,TRUE,0.261508227171663
"P0298",-0.776883262840263,0.535535842484112,-0.62150661027221,0.785535842484112,-8.49039099875483,FALSE,-0.0967619599366788
"P0299",-0.22848847890045,1.59053683419645,-0.18279078312036,1.84053683419645,24.0376957335097,TRUE,-1.57569274685212
"P0300",-1.10025205765727,0.0338464259320411,-0.880201646125818,0.283846425932041,-20.8269066654273,FALSE,-1.1994992526744
"P0301",-0.310635262216832,1.21802141199063,-0.248508209773466,1.46802141199063,10.9874337375509,TRUE,1.40009169933604
"P0302",2.41274521340671,-0.404336738776137,1.93019617072537,-0.154336738776137,-100.607451050903,FALSE,1.33061551790517
"P0303",-0.8398194314197,0.966360541666602,-0.67185554513576,1.2163605416666,-4.9889444991124,FALSE,-1.47571244406518
"P0304",0.465489964382362,1.24154437618865,0.372391971505889,1.49154437618865,9.52873662326473,TRUE,1.09620566622416
"P0305",-0.0356409515103764,0.961844943287373,-0.0285127612083012,1.21184494328737,7.09675723223187,TRUE,-1.94049332300758
"P0306",-0.369965895741559,-0.782503328251206,-0.295972716593247,-0.532503328251206,-2.9691820596528,FALSE,-0.106160156101565
"P0307",0.46236544497023,0.064541232872845,0.369892355976184,0.314541232872845,-3.56967154409774,FALSE,0.619298628806887
"P0308",-0.0589959459701481,0.195402025755444,-0.0471967567761185,0.445402025755444,0.293297283183541,TRUE,0.63879484654536
"P0309",-0.445502565317014,0.126894965405409,-0.356402052253611,0.376894965405409,-3.21545397660322,FALSE,0.632192022039683
"P0310",0.356055154668929,-0.375090106540651,0.284844123735143,-0.125090106540651,-2.198506127472,FALSE,0.89871109965808
"P0311",0.699123907890371,-0.35548494396425,0.559299126312297,-0.10548494396425,-8.45071379758752,FALSE,0.73605437945685
"P0312",-0.39112024747477,1.2015656501405,-0.312896197979816,1.4515656501405,9.59063519115039,TRUE,0.595166663137472
"P0313",0.111941914746987,-0.519941103243518,0.0895535317975897,-0.269941103243518,-0.295216034906007,FALSE,0.840194136615097
"P0314",0.154298914623769,-1.51506925401028,0.123439131699015,-1.26506925401028,-8.50987335612399,FALSE,0.676905682193772
"P0315",-1.17214084295415,-0.834296340507408,-0.937712674363318,-0.584296340507408,-24.539156866891,FALSE,-0.662042400439923
"P0316",0.665860765754677,-0.0261655369200628,0.532688612603742,0.223834463079937,-7.61658516806419,FALSE,0.592214506833365
"P0317",-1.00246589271042,0.0344476679012478,-0.801972714168338,0.284447667901248,-17.273267140733,FALSE,-1.22982155048533
"P0318",-0.875322928439251,0.544719820744787,-0.700258342751401,0.794719820744787,-11.2320518727287,FALSE,-1.54719176736376
"P0319",0.600195171406336,0.0458127058140403,0.480156137125069,0.29581270581404,-6.12130718354347,FALSE,-0.62775912840898
"P0320",-1.36699425561276,0.86536324463217,-1.09359540449021,1.11536324463217,-26.7404701321647,FALSE,-1.35462043470987
"P0321",-0.0577334203094182,0.10396849936205,-0.0461867362475345,0.35396849936205,0.119803295467397,TRUE,-0.976459327130917
"P0322",-0.70774865606709,-1.10377005999777,-0.566198924853672,-0.853770059997768,-11.145024618363,FALSE,0.116372685365417
"P0323",0.0494263320416783,-0.00888767555863392,0.0395410656333426,0.241112324441366,0.0138540189555962,TRUE,0.637430209029154
"P0324",-0.446175520262264,1.00733786924817,-0.356940416209812,1.25733786924817,4.51091985414128,TRUE,-0.378967430064934
"P0325",1.23649640607949,1.47152455178004,0.989197124863594,1.72152455178004,-6.01183290494234,FALSE,1.6701271579779
"P0326",-1.76303218554068,-0.172786752366805,-1.41042574843255,0.0772132476331951,-53.7092800335208,FALSE,-1.12781894468249
"P0327",0.137049297944813,0.440177619050919,0.10963943835585,0.690177619050919,0.990489260445302,TRUE,0.343759172516943
"P0328",0.656304783190567,0.881583539830534,0.525043826552454,1.13158353983053,-1.6472312515897,FALSE,1.84425384342422
"P0329",-0.742304681427046,0.756256266916381,-0.593843745141637,1.00625626691638,-5.44601475537545,FALSE,-1.38004204389801
"P0330",-1.8696560114463,0.284864404945162,-1.49572480915704,0.534864404945162,-59.792147137959,FALSE,-1.57759467267614
"P0331",-1.1494780084416,-0.446783413961732,-0.919582406753282,-0.196783413961732,-22.862539412877,FALSE,-0.253998002406229
"P0332",1.54602594898719,-0.629975273979489,1.23682075918975,-0.379975273979489,-41.5220360973326,FALSE,1.75645823398252
"P0333",-2.48299740524226,-0.225812972245314,-1.98639792419381,0.0241870277546856,-106.535914658683,FALSE,-1.02231315341263
"P0334",1.78049679381792,0.300225748167099,1.42439743505434,0.550225748167099,-54.1141976284697,FALSE,0.297274874389408
"P0335",0.342131433637803,1.08616783089153,0.273705146910242,1.33616783089153,7.5193877028199,TRUE,-0.69536877827861
"P0336",-0.0990472205962652,1.44386450671688,-0.0792377764770122,1.69386450671688,19.2704652313767,TRUE,1.43056436381222
"P0337",0.874703278135635,-0.153279838747829,0.699762622508508,0.0967201612521714,-13.2174094651881,FALSE,1.58265111685966
"P0338",-0.962481664908213,0.0958383169224572,-0.76998533192657,0.345838316922457,-15.8422353274094,FALSE,-0.123713505030523
"P0339",0.189985127040259,-2.07093934502929,0.151988101632207,-1.82093934502929,-24.7753394539761,FALSE,-0.0885152359714923
"P0340",0.403000693850491,-0.294210331438996,0.322400555080393,-0.0442103314389962,-2.80678282955149,FALSE,-0.227553218107191
"P0341",1.41825029781792,0.571854536590744,1.13460023825434,0.821854536590744,-32.5371081643362,FALSE,0.257883914104443
"P0342",0.341993845420559,1.08436735325272,0.273595076336447,1.33436735325272,7.48249250819264,TRUE,-1.37160277442014
"P0343",-1.4812454576845,0.142302014899098,-1.1849963661476,0.392302014899098,-37.6723399831559,FALSE,-0.564838859981725
"P0344",-0.432653442772463,1.48251892797671,-0.34612275421797,1.73251892797671,17.5668406339291,TRUE,-1.47377638493785
"P0345",0.547151943738827,-0.680799732420325,0.437721554991061,-0.430799732420325,-5.4930100605338,FALSE,0.281214754120904
"P0346",0.734652712936018,1.26182206312902,0.587722170348815,1.51182206312902,4.49544957769767,TRUE,-0.931872887878302
"P0347",0.46243171802853,0.134041160151564,0.369945374422824,0.384041160151564,-3.46864340599211,FALSE,0.506560663775507
"P0348",0.0792825203210607,1.01848409056831,0.0634260162568486,1.26848409056831,8.05560967590221,TRUE,-1.35657635730319
"P0349",-0.404847519515691,-1.47993866267639,-0.323878015612553,-1.22993866267639,-10.2745726516098,FALSE,-0.1813234430787
"P0350",0.577335325728409,1.13203948546117,0.461868260582727,1.38203948546117,4.79926303500532,TRUE,1.44544685757884
"P0351",-1.5933632739564,1.36481751852847,-1.27469061916512,1.61481751852847,-27.0271540013774,FALSE,-0.717980980152089
"P0352",0.50238869413388,0.459415211718593,0.401910955307104,0.709415211718593,-2.93326582031339,FALSE,-0.780851355793944
"P0353",0.20129123629619,2.15454603543598,0.161032989036952,2.40454603543598,54.9106637024853,TRUE,1.87306789439814
"P0354",0.803564840912774,0.826356874518822,0.642851872730219,1.07635687451882,-6.16995259968274,FALSE,0.814369488859505
"P0355",0.225553703549403,-0.0260295959894977,0.180442962839523,0.223970404010502,-0.834171018380298,FALSE,-0.0851710726630661
"P0356",-0.67170274366046,0.737709225728596,-0.537362194928368,0.987709225728596,-3.94215343093428,FALSE,-0.0512350512045913
"P0357",0.486018398369848,0.76406170706213,0.388814718695878,1.01406170706213,0.0893484779742488,TRUE,1.07619493456537
"P0358",-1.07968591776906,0.234266726359822,-0.863748734215247,0.484266726359822,-19.689400831902,FALSE,-0.145155191830447
"P0359",-1.45299221705898,-0.0458504013877054,-1.16239377364718,0.204149598612295,-36.4472672762218,FALSE,-1.63515592967466
"P0360",-1.4297150805992,-1.57761140782548,-1.14377206447936,-1.32761140782548,-44.6817292929163,FALSE,0.201859290558696
"P0361",0.0462542183467688,-0.350665397159888,0.0370033746774151,-0.100665397159888,-0.0410501230546338,FALSE,-1.39821865557733
"P0362",-0.819176625948447,0.0804903638141239,-0.655341300758758,0.330490363814124,-11.4513601928525,FALSE,-1.12816638848796
"P0363",1.27902994703288,-1.37521598527265,1.02322395762631,-1.12521598527265,-33.9672496275707,FALSE,-0.638732309759241
"P0364",-0.843091478734482,-0.968687773889792,-0.674473182987585,-0.718687773889792,-13.7675237856881,FALSE,-0.494946461705813
"P0365",-0.811537669798228,1.34930638669655,-0.649230135838582,1.59930638669655,4.98220766450556,TRUE,0.22071920285047
"P0366",0.235960515829038,0.114918252249257,0.18876841266323,0.364918252249257,-0.767727028584775,FALSE,-1.13445831673318
"P0367",0.164051486302988,-0.0842338323220721,0.13124118904239,0.165766167677928,-0.446834770869088,FALSE,-0.921104990786239
"P0368",-0.126753064654757,-0.162314512128899,-0.101402451723805,0.0876854878711014,-0.274929579471441,FALSE,-0.95264130547962
"P0369",1.32332267748473,0.880590405705618,1.05865814198779,1.13059040570562,-24.4798012670207,FALSE,2.27879484361996
"P0370",-0.863422090241834,-0.849922047931631,-0.690737672193467,-0.599922047931631,-13.7458636490695,FALSE,1.20445122077596
"P0371",-0.0446163377412745,0.782170854344083,-0.0356930701930196,1.03217085434408,4.36420512923258,TRUE,-0.971792490400192
"P0372",0.649637584526176,0.089401875509291,0.519710067620941,0.339401875509291,-7.13627322795478,FALSE,-0.178674895985721
"P0373",-1.90069114497335,0.724930542939604,-1.52055291597868,0.974930542939604,-58.7195463728381,FALSE,-1.02978422547581
"P0374",0.904975856770841,1.16342909376934,0.723980685416673,1.41342909376934,-2.85710519302765,FALSE,1.33225999378025
"P0375",-1.56269758246595,0.187560614211194,-1.25015806597276,0.437560614211194,-41.8630699476959,FALSE,-0.462696462619289
"P0376",0.242506238375299,-1.12290447447106,0.194004990700239,-0.872904474471064,-3.67670521352943,FALSE,0.70974900780513
"P0377",0.0338622721141972,0.198764106366485,0.0270898176913578,0.448764106366485,0.341690847049298,TRUE,0.425351284022959
"P0378",-0.30364184983123,-0.492671321528073,-0.242913479864984,-0.242671321528073,-1.65035093015418,FALSE,-0.125714837136431
"P0379",-1.36697095946616,-0.38515485229836,-1.09357676757293,-0.13515485229836,-32.2994493625907,FALSE,-1.51607379457468
"P0380",-0.826670221488234,-1.52308468672771,-0.661336177190587,-1.27308468672771,-20.0622501851861,FALSE,-0.217579633280497
"P0381",0.847401151621887,-1.76389433773375,0.67792092129751,-1.51389433773375,-26.2872057347311,FALSE,-0.151927092477981
"P0382",1.45060031336436,-1.44268572377317,1.16048025069149,-1.19268572377317,-43.1476672525683,FALSE,0.65937885544054
"P0383",-0.337481556887006,0.722014090223667,-0.269985245509605,0.972014090223667,1.70539505552244,TRUE,1.07739276456453
"P0384",1.24364929439996,0.565283496266624,0.994919435519971,0.815283496266624,-24.5587124959318,FALSE,1.76275650406624
"P0385",-1.46507931184839,-1.41901741212162,-1.17206344947871,-1.16901741212162,-43.4811084762751,FALSE,0.700934293129222
"P0386",0.0622647591810533,1.30763255672955,0.0498118073448426,1.55763255672955,15.0496391131571,TRUE,0.876849504492391
"P0387",0.67522554444556,1.29533451157157,0.540180435556448,1.54533451157157,6.88293604468322,TRUE,1.54873403214763
"P0388",-1.24942767431883,1.52162618818355,-0.999542139455066,1.77162618818355,-4.73315678510323,FALSE,-1.64565499027275
"P0389",-0.736584563975927,-1.7153900160158,-0.589267651180742,-1.4653900160158,-21.9623077675148,FALSE,-0.245443131933888
"P0390",-0.551920080273184,-1.56347208592352,-0.441536064218547,-1.31347208592352,-14.3278156300049,FALSE,-0.0879822150661752
"P0391",-0.474914940647046,0.481829543579227,-0.379931952517637,0.731829543579227,-2.32960687917603,FALSE,-0.795352642605842
"P0392",0.593164386785704,0.398812245754462,0.474531509428563,0.648812245754462,-4.98737505969313,FALSE,0.923910580549208
"P0393",-1.18905999383192,-0.38094831212284,-0.951247995065534,-0.13094831212284,-24.4405459231487,FALSE,-0.137955287294955
"P0394",-1.18357098305079,1.43448874215358,-0.94685678644063,1.68448874215358,-5.08755702682036,FALSE,-2.00165133014349
"P0395",-1.10867224686613,0.363170149670062,-0.886937797492908,0.613170149670062,-20.3176306841434,FALSE,-1.50200812705114
"P0396",0.609674974569794,-0.269281625838168,0.487739979655835,-0.0192816258381677,-6.42306644355207,FALSE,0.228873940930771
"P0397",0.594541270986278,0.632402006842359,0.475633016789023,0.882402006842359,-3.35985234783046,FALSE,1.30890398483186
"P0398",-0.254070641435169,-1.08666722458382,-0.203256513148135,-0.836667224583815,-3.45816521213614,FALSE,-0.886641580510897
"P0399",1.05324558155398,-0.522206122694875,0.842596465243184,-0.272206122694875,-19.249835415577,FALSE,1.62053212287004
"P0400",-0.0177339626382186,-1.36322178824858,-0.0141871701105749,-1.11322178824858,-5.52373162439369,FALSE,-0.640332147793863
"P0401",0.457523526758473,0.479043048508466,0.366018821406778,0.729043048508466,-2.06722749072766,FALSE,0.76584562965034
"P0402",-0.215278672108338,0.32382542596199,-0.172222937686671,0.57382542596199,-0.0450530967374344,FALSE,0.0191975864128398
"P0403",-0.0956163610804202,0.762163445921496,-0.0764930888643362,1.0121634459215,3.9897617409689,TRUE,0.964049821381317
"P0404",-0.960712955889671,0.246966576232683,-0.768570364711737,0.496966576232683,-15.4579561218482,FALSE,-1.5166307486087
"P0405",0.247163770289938,-1.28407773925621,0.19773101623195,-1.03407773925621,-5.47866065475809,FALSE,1.00710950715653
"P0406",0.794420668324972,-0.867023600237857,0.635536534659978,-0.617023600237857,-11.8451288143008,FALSE,-0.332397496289975
"P0407",-0.0698559209689464,0.586470539961736,-0.0558847367751571,0.836470539961736,2.25673294482593,TRUE,0.956602043377077
"P0408",-0.321874366305922,-1.1264436597689,-0.257499493044738,-0.8764436597689,-4.48323472056807,FALSE,1.01346414481553
"P0409",0.312859501453409,-1.67008214001831,0.250287601162727,-1.42008214001831,-13.1465244895522,FALSE,0.444845965528193
"P0410",-0.539360416814405,-1.4539047033237,-0.431488333451524,-1.2039047033237,-12.0066119755938,FALSE,0.312590862053505
"P0411",-0.955609858632238,-2.42475686413988,-0.764487886905791,-2.17475686413988,-56.9225635169993,FALSE,-0.661575600806272
"P0412",-0.460318505737432,0.480488384456843,-0.368254804589946,0.730488384456843,-2.10232001897631,FALSE,0.13423945796226
"P0413",-0.663862999187976,0.579702950281049,-0.531090399350381,0.829702950281049,-5.33084610348362,FALSE,-0.91953331104126
"P0414",-0.135558130270346,0.963672667968915,-0.108446504216277,1.21367266796892,6.83342849363766,TRUE,-1.48458269287503
"P0415",2.48435362572454,-2.04732168204678,1.98748290057963,-1.79732168204678,-129.876405428892,FALSE,0.746676207735453
"P0416",0.210765332590165,1.11747994650631,0.168612266072132,1.36747994650631,9.46114508087527,TRUE,1.84565336535803
"P0417",-0.608075545645731,-0.824155044364848,-0.486460436516585,-0.574155044364848,-7.14647148234917,FALSE,-0.252313924281835
"P0418",1.59512696519776,-1.17113963484093,1.27610157215821,-0.921139634840925,-47.0940923940124,FALSE,0.47555439383983
"P0419",-0.0565937277560079,-0.221755548365032,-0.0452749822048063,0.0282444516349676,-0.0552551204307988,FALSE,-0.890150244365829
"P0420",0.349030628837479,0.294992807840046,0.279224503069983,0.544992807840046,-1.45760185877376,FALSE,0.302672755368293
"P0421",0.106534625618681,0.260113778479596,0.0852277004949449,0.510113778479596,0.334837659468413,TRUE,1.06223393153053
"P0422",-0.713422875294995,1.61547774072707,-0.570738300235996,1.86547774072707,17.172464286628,TRUE,-2.16933591564778
"P0423",-0.655533934444482,0.689772086348328,-0.524427147555585,0.939772086348328,-4.10572352166207,FALSE,-0.484362653901372
"P0424",-0.669361079566078,1.25772741068993,-0.535488863652863,1.50772741068993,5.96751204250087,TRUE,0.591485603854299
"P0425",0.809179259201141,-0.186884846571769,0.647343407360913,0.0631151534282312,-11.3134384678898,FALSE,0.556517879487955
"P0426",0.520180194501404,0.86401276119382,0.416144155601123,1.11401276119382,0.85431734475656,TRUE,1.68633474096256
"P0427",0.16380715267588,0.150768003741075,0.131045722140704,0.400768003741075,-0.206193094689613,FALSE,1.02857048213304
"P0428",2.06898483239896,0.569340018877914,1.65518786591916,0.819340018877914,-71.770314500892,FALSE,0.88485023271847
"P0429",-1.12747837594268,-0.6132293992706,-0.901982700754145,-0.3632293992706,-22.1581569462414,FALSE,-1.23254822721308
"P0430",0.411806125390232,-0.099178094323099,0.329444900312185,0.150821905676901,-2.91669331052031,FALSE,-0.688960683566971
"P0431",-0.10328689234818,0.350809960112235,-0.0826295138785436,0.600809960112235,0.683157566042347,TRUE,-1.54739136859142
"P0432",-0.137449489156437,0.0252312499533714,-0.109959591325149,0.275231249953371,-0.243062480703898,FALSE,-0.60192398110887
"P0433",-0.486787927997802,-0.667710268637376,-0.389430342398241,-0.417710268637376,-4.38624324536701,FALSE,-1.58704939531569
"P0434",0.818322339636254,-1.07906410824077,0.654657871709003,-0.829064108240769,-13.8509969733691,FALSE,0.809793652063615
"P0435",0.106835863126666,0.64988411288312,0.0854686905013332,0.89988411288312,2.71764150174745,TRUE,0.277009957671271
"P0436",-0.810610347141983,1.25546446878323,-0.648488277713587,1.50546446878323,2.29357854641387,TRUE,-1.23901219092061
"P0437",-0.800498767011847,1.90598371129898,-0.640399013609478,2.15598371129898,29.0133468775363,TRUE,-1.35506801755658
"P0438",-0.0286520332457379,-0.0645783118216794,-0.0229216265965903,0.185421688178321,0.0113142563197131,TRUE,1.69889874928919
"P0439",-0.324731562697911,0.401636825088995,-0.259785250158329,0.651636825088995,-0.71536653892088,FALSE,0.778267455702069
"P0440",-0.762433030329572,-0.164690982741793,-0.609946424263658,0.0853090172582073,-10.0424519034288,FALSE,0.130769871718875
"P0441",-0.185739824505216,-0.61593491524905,-0.148591859604173,-0.36593491524905,-0.792154580685644,FALSE,-0.228643505281399
"P0442",-0.104607333543626,-0.128400575642807,-0.0836858668349005,0.121599424357193,-0.181897675670374,FALSE,0.252355485302621
"P0443",-1.2252125917746,0.818333627279876,-0.980170073419682,1.06833362727988,-21.0624873922928,FALSE,0.968314091310076
"P0444",0.674890918156498,-0.797081163400317,0.539912734525199,-0.547081163400317,-8.52561629744752,FALSE,-0.648163397066919
"P0445",0.890916798553556,1.44611300890504,0.712733438842845,1.69611300890504,5.80180535058457,TRUE,0.409338144127271
"P0446",1.57806831556023,-0.754248945588188,1.26245465244818,-0.504248945588188,-43.5452327010078,FALSE,1.89709303901458
"P0447",-0.554794197686723,-0.90137689610075,-0.443835358149378,-0.65137689610075,-6.42422094012356,FALSE,0.43553452245705
"P0448",-0.28077645743522,-0.825010813922832,-0.224621165948176,-0.575010813922832,-2.12275644622752,FALSE,1.01266743569113
"P0449",0.505798292352167,-1.87025568010325,0.404638633881734,-1.62025568010325,-21.4349408020616,FALSE,0.584022658100042
"P0450",1.30385226430314,-0.65144696493082,1.04308181144251,-0.401446964930821,-29.6353191993605,FALSE,0.269105015224098
"P0451",1.58172358767018,0.0757597997554414,1.26537887013615,0.325759799755441,-43.0936816952522,FALSE,1.28929115917233
"P0452",1.05513252255145,0.513714574704871,0.844106018041159,0.763714574704871,-17.456127678154,FALSE,-0.242955331752074
"P0453",-0.863504755394906,1.06011258669566,-0.690803804315925,1.31011258669566,-3.8899844739387,FALSE,-1.97032745714294
"P0454",0.597552193068643,-1.34469745296628,0.478041754454915,-1.09469745296628,-11.417523378233,FALSE,-0.111882780959171
"P0455",1.19098388932708,-0.957094520260492,0.952787111461661,-0.707094520260492,-25.9248285518136,FALSE,-0.364100996363853
"P0456",0.0602728352578783,0.395899260574017,0.0482182682063026,0.645899260574017,1.01506510307703,TRUE,0.452143092599831
"P0457",0.290596670872344,1.27726951245088,0.232477336697875,1.52726951245088,12.7905089969391,TRUE,0.89953981508351
"P0458",-0.581391142550857,-0.531261391244246,-0.465112914040685,-0.281261391244246,-5.92991068683336,FALSE,0.774336667278643
"P0459",-0.154760563983389,-1.28365598592935,-0.123808451186711,-1.03365598592935,-4.83148740757952,FALSE,-1.25740756347561
"P0460",0.432630678153948,0.13280100140178,0.346104542523159,0.38280100140178,-3.00990812848183,FALSE,-1.01338628469776
"P0461",0.675230935900474,-1.81436316527719,0.540184748720379,-1.56436316527719,-23.1920272913199,FALSE,1.04223831440315
"P0462",1.51447015295178,-1.31434019125135,1.21157612236142,-1.06434019125135,-44.4565745111192,FALSE,0.881929353434738
"P0463",-1.75265161735466,0.91809183190474,-1.40212129388373,1.16809183190474,-46.7053333169168,FALSE,-1.05638011660797
"P0464",-1.16894670447603,0.318252888117946,-0.935157363580825,0.568252888117946,-22.8780397385266,FALSE,-0.638844653923867
"P0465",0.845204009130525,-0.807547440460188,0.67616320730442,-0.557547440460188,-13.0375853286847,FALSE,-0.2172035714274
"P0466",1.33285248952121,0.182361133331071,1.06628199161697,0.432361133331071,-30.3745510104268,FALSE,-1.22472727896041
"P0467",-0.0450633393314078,-0.929974635142222,-0.0360506714651262,-0.679974635142222,-1.29267783538038,FALSE,-1.19018293928159
"P0468",0.737897200801109,0.259586662431352,0.590317760640887,0.509586662431353,-8.87951164417024,FALSE,1.46458752749717
"P0469",0.739522565041025,-1.1987346932631,0.59161805203282,-0.948734693263097,-12.8661367976092,FALSE,0.192121127381955
"P0470",0.525794145423951,0.611644401942971,0.42063531633916,0.861644401942971,-2.21837355271066,FALSE,0.283344019393976
"P0471",-0.0724176054998135,-1.75715853367971,-0.0579340843998508,-1.50715853367971,-13.7848259492287,FALSE,0.370753926947025
"P0472",-0.411822287297568,0.00510907003582071,-0.329457829838055,0.255109070035821,-2.86423582056648,FALSE,-0.212449600269613
"P0473",-0.34392989397997,0.515232252324436,-0.275143915183976,0.765232252324436,-0.25159266606609,FALSE,-1.15220547504633
"P0474",-1.01839557271986,-0.449767063798173,-0.81471645817589,-0.199767063798173,-17.9534868158068,FALSE,-0.0175824283935744
"P0475",-0.655865666176778,1.31499882925633,-0.524692532941422,1.56499882925633,7.89895322968875,TRUE,-0.715090872948917
"P0476",-1.01628530503053,1.10170798981009,-0.813028244024423,1.35170798981009,-7.96850197450882,FALSE,1.06271997043552
"P0477",-0.251879930738529,-0.999881071939172,-0.201503944590823,-0.749881071939172,-2.7830010343905,FALSE,0.00394591660129279
"P0478",0.152505751731863,0.197142601828968,0.12200460138549,0.447142601828967,-0.0442977958630936,FALSE,0.783112403787672
"P0479",-0.00844719707619543,0.20730036715305,-0.00675775766095635,0.45730036715305,0.38129622663947,TRUE,-1.25295753437348
"P0480",0.477046165840857,-0.030459591460419,0.381636932672686,0.219540408539581,-3.89013657973138,FALSE,-0.921112519153255
"P0481",-0.972456376642324,0.375018263066784,-0.777965101313859,0.625018263066784,-15.3645537586545,FALSE,0.62357237433933
"P0482",0.584491888433347,0.567906556868968,0.467593510746677,0.817906556868968,-3.71475615168788,FALSE,1.20911630759645
"P0483",-0.788073730447096,-0.267734397292251,-0.630458984357677,-0.0177343972922512,-10.7319426463469,FALSE,-0.487771681345349
"P0484",-1.74540342881193,1.09272123245799,-1.39632274304955,1.34272123245799,-42.9591943797212,FALSE,-1.92093348659137
"P0485",-0.60467172629352,1.13768589714245,-0.483737381034816,1.38768589714245,4.37086228257845,TRUE,-1.23548736943105
"P0486",-0.951588174087761,1.36865596483988,-0.761270539270209,1.61865596483988,1.31643315986661,TRUE,0.758037711943356
"P0487",-1.03143627337091,-0.383948498304972,-0.82514901869673,-0.133948498304972,-18.3931277056081,FALSE,-1.22095094481122
"P0488",-1.23407810569462,0.312300327202533,-0.987262484555696,0.562300327202533,-25.6053985631668,FALSE,1.47162710413076
"P0489",0.861634526587664,0.854221472028488,0.689307621270131,1.10422147202849,-7.44338360233086,FALSE,0.8551311680436
"P0490",0.733587011364155,0.182689769197015,0.586869609091324,0.432689769197015,-8.97519685842137,FALSE,0.430916862241731
"P0491",-0.402990887918941,-0.887927128355038,-0.322392710335153,-0.637927128355038,-3.84472099634934,FALSE,1.29888453444629
"P0492",0.792407180070696,1.2444166263557,0.633925744056557,1.4944166263557,2.49953942608386,TRUE,1.47335271917586
"P0493",0.388428723927287,-0.556298105401034,0.31074297914183,-0.306298105401034,-2.72209812651331,FALSE,0.959339631700526
"P0494",0.784677779371869,-0.390267296657838,0.627742223497495,-0.140267296657838,-10.6506670656447,FALSE,0.283563080356044
"P0495",-0.553667641552494,-0.926263830881162,-0.442934113241995,-0.676263830881162,-6.53425741547605,FALSE,0.269145757357977
"P0496",0.845009106354924,0.746375760735307,0.676007285083939,0.996375760735307,-8.38195137640953,FALSE,-0.976089586025845
"P0497",-0.412419100821623,1.8097721572563,-0.329935280657299,2.0597721572563,32.0165159872143,TRUE,-1.09057838643865
"P0498",0.667768238654951,0.0614057518517422,0.53421459092396,0.311405751851742,-7.58460871183184,FALSE,0.513021632619871
"P0499",-0.739086148862118,-0.726724979365198,-0.591268919089695,-0.476724979365198,-9.87254609921946,FALSE,0.284829556459521
"P0500",-1.12852562251293,-1.50097325039547,-0.902820498010345,-1.25097325039547,-29.838053650794,FALSE,-0.00609958021327918
"P0501",-0.172159163622512,0.20803644874902,-0.137727330898009,0.45803644874902,-0.127778674333459,FALSE,-0.337177551169088
"P0502",0.362207974530868,0.505338379910035,0.289766379624695,0.755338379910035,-0.543251820909354,FALSE,1.03494482428099
"P0503",-1.00116002345793,-0.123797240570049,-0.800928018766346,0.126202759429951,-17.3120734693163,FALSE,-1.03285260945824
"P0504",-0.190463958775059,0.141858530867761,-0.152371167020048,0.391858530867761,-0.386173876974969,FALSE,0.584826854180397
"P0505",-1.04161331659406,-1.16950628686208,-0.833290653275251,-0.919506286862076,-21.8578195915179,FALSE,-1.43258551150274
"P0506",-0.832382488428252,-1.31445897741703,-0.665905990742601,-1.06445897741703,-16.797069833758,FALSE,0.48026558961992
"P0507",-0.0781863975342743,-1.41689875992459,-0.0625491180274194,-1.16689875992459,-6.46127805107202,FALSE,0.308549086532725
"P0508",-1.66851659243368,-0.898590881712217,-1.33481327394694,-0.648590881712217,-49.1979861071146,FALSE,-0.881392993733846
"P0509",0.41566251548478,0.538288655938325,0.332530012387824,0.788288655938325,-1.02619050067644,FALSE,1.13291578665987
"P0510",-0.956123198109444,-1.81760808300787,-0.764898558487555,-1.56760808300787,-31.2058144285635,FALSE,-0.63064550215454
"P0511",0.602319018482719,-1.64052016123807,0.481855214786175,-1.39052016123807,-17.0235206524183,FALSE,0.161595454986594
"P0512",-0.504612671687464,-0.388496597300142,-0.403690137349971,-0.138496597300142,-4.41070081209022,FALSE,-1.20136212657313
"P0513",-0.18407395394457,-0.535468093222775,-0.147259163155656,-0.285468093222775,-0.678555550834238,FALSE,0.871699475105022
"P0514",-0.410774069488169,0.370119399509927,-0.328619255590535,0.620119399509927,-1.96188373677905,FALSE,-1.63937399749085
"P0515",-0.37869446680009,-0.491213027666281,-0.302955573440072,-0.241213027666281,-2.53425483551541,FALSE,-0.697356868350197
"P0516",-0.632488303070063,-1.8286227537059,-0.50599064245605,-1.5786227537059,-22.6487423780683,FALSE,-1.12248156049924
"P0517",0.696433330473089,-0.521448734187063,0.557146664378471,-0.271448734187063,-8.46114111699858,FALSE,1.09471239118212
"P0518",-1.45886214320506,-0.687676976413871,-1.16708971456405,-0.437676976413871,-37.1120244443684,FALSE,-1.0002346323579
"P0519",-0.254672368848924,-0.737635353483485,-0.203737895079139,-0.487635353483485,-1.58456231296545,FALSE,0.118912049922662
"P0520",0.285110304309232,1.01977924707131,0.228088243447386,1.26977924707131,6.78460545027553,TRUE,-0.802024690806754
"P0521",0.900831402942477,0.492652016618501,0.720665122353982,0.742652016618501,-12.3842864406336,FALSE,0.0482809698818885
"P0522",2.18887262811862,1.16481079941653,1.75109810249489,1.41481079941653,-71.4632550010082,FALSE,0.958685438429928
"P0523",0.203990584040258,0.74405075901499,0.163192467232207,0.99405075901499,3.20997489078633,TRUE,-0.656696075817053
"P0524",-0.650077908209045,-2.06717129065662,-0.520062326567236,-1.81717129065662,-31.3045590972761,FALSE,0.205853326337958
"P0525",1.1033431546215,0.585419454577428,0.882674523697201,0.835419454577428,-18.7038437853218,FALSE,2.0304274798813
"P0526",-0.017985713083274,1.22059419884718,-0.0143885704666192,1.47059419884718,12.7159164445785,TRUE,-0.863437876406111
"P0527",-0.821084106586164,0.948671162190025,-0.656867285268931,1.19867116219003,-4.76075192140687,FALSE,-0.170415827120846
"P0528",0.563664266301808,-1.18280131635864,0.450931413041446,-0.932801316358645,-8.73674672706549,FALSE,-0.320423016097624
"P0529",-0.204082627747048,-1.59624021208723,-0.163266102197639,-1.34624021208723,-10.4792093724615,FALSE,-0.293055900445051
"P0530",1.27579761314804,-1.78076763386668,1.02063809051843,-1.53076763386668,-42.4738392891392,FALSE,0.824979668002182
"P0531",1.17137096136605,1.05639670241052,0.937096769092838,1.30639670241052,-14.791695085846,FALSE,1.93988181151488
"P0532",-1.5929737324624,-0.720254776364367,-1.27437898596992,-0.470254776364367,-44.2650963241573,FALSE,-0.762522016031571
"P0533",-1.12637099686599,0.623213171943804,-0.901096797492795,0.873213171943804,-19.2600323198615,FALSE,-1.31197337588363
"P0534",-1.88818614968783,-0.0796557141036911,-1.51054891975027,0.170344285896309,-61.587695411566,FALSE,-1.15043547820869
"P0535",0.170172615318765,0.131763520875395,0.136138092255012,0.381763520875395,-0.277848631858593,FALSE,-1.52072420059073
"P0536",0.155094351860422,1.66588348580174,0.124075481488338,1.91588348580174,27.7141831564862,TRUE,-0.995856044213575
"P0537",-0.443237825439098,1.31169423082804,-0.354590260351278,1.56169423082804,11.8403698915252,TRUE,1.58311813240049
"P0538",0.477345520154601,-0.521999745229307,0.381876416123681,-0.271999745229307,-4.01789348998236,FALSE,-0.0299431249494086
"P0539",0.970122506452835,-0.653458368479059,0.776098005162268,-0.403458368479059,-16.5255567100876,FALSE,0.578480732826414
"P0540",0.111067949623929,-1.42722232541279,0.0888543596991434,-1.17722232541279,-6.73899318168842,FALSE,-1.15547858834783
"P0541",-1.82742833554716,0.630808974849937,-1.46194266843773,0.880808974849937,-54.9730493220756,FALSE,0.912501931375009
"P0542",-1.90188753532484,0.566211574836224,-1.52151002825987,0.816211574836224,-60.3297597217184,FALSE,-1.61397747937263
"P0543",-0.634941493943159,0.114639845905721,-0.507953195154527,0.364639845905721,-6.77251081903104,FALSE,0.255737749518062
"P0544",-0.758003295183639,-0.185251540145269,-0.606402636146911,0.0647484598547307,-9.92746644619644,FALSE,-2.13675689298992
"P0545",-1.22631193248024,0.108456632088857,-0.981049545984192,0.358456632088857,-25.8021376855537,FALSE,-0.471924620507076
"P0546",0.389546243781253,-0.79630619373826,0.311636995025002,-0.54630619373826,-3.27435698346646,FALSE,1.88795436327501
"P0547",0.974102988706126,-0.67994298548566,0.779282390964901,-0.42994298548566,-16.7144897244035,FALSE,0.438252910186261
"P0548",0.833830044912478,0.857812814977056,0.667064035929983,1.10781281497706,-6.57605984676831,FALSE,0.80441412009107
"P0549",0.505544160743684,1.71873006054635,0.404435328594947,1.96873006054635,26.106053775396,TRUE,0.871251721203216
"P0550",-1.11350396435284,-0.684035318181669,-0.89080317148227,-0.434035318181669,-21.7523836899111,FALSE,0.148966978029036
"P0551",1.82608841917967,-0.509564127853155,1.46087073534374,-0.259564127853155,-57.6918202582961,FALSE,1.19674505053648
"P0552",0.781347549450416,1.44460353891491,0.625078039560333,1.69460353891491,8.91593518591647,TRUE,0.200222374660511
"P0553",-0.53174422428045,1.90087016596742,-0.42539537942436,2.15087016596742,34.9158344657584,TRUE,-1.63807136403123
"P0554",0.810762665615149,-0.401036016079204,0.648610132492119,-0.151036016079204,-11.3725494680111,FALSE,-0.574490093462723
"P0555",-1.06437458280274,-0.556345433343029,-0.85149966624219,-0.306345433343029,-19.6913944457666,FALSE,0.77457839236236
"P0556",-0.982501746590502,-0.717480281069016,-0.786001397272402,-0.467480281069016,-17.0891997792166,FALSE,-0.152057663132752
"P0557",-1.36667729189952,0.17887365263472,-1.09334183351961,0.42887365263472,-31.9601664519214,FALSE,-1.44322644598987
"P0558",0.428581078513365,-0.259197429743087,0.342864862810692,-0.00919742974308746,-3.17402359419743,FALSE,0.360693498233647
"P0559",-0.484149071541891,-1.66854314926741,-0.387319257233513,-1.41854314926741,-15.4683746174068,FALSE,-0.544022481612517
"P0560",0.237120329342544,0.111292700603929,0.189696263474035,0.361292700603929,-0.782944518488901,FALSE,-0.668722384770726
"P0561",0.350202933584706,-1.28486137343011,0.280162346867764,-1.03486137343011,-6.55234513196687,FALSE,-0.421847873656065
"P0562",-0.155944105360896,-0.670305723149265,-0.124755284288717,-0.420305723149265,-0.717224411813428,FALSE,-1.37615503507658
"P0563",0.754353121419138,0.251208316132065,0.603482497135311,0.501208316132065,-9.32952664179395,FALSE,0.757866356546727
"P0564",0.661134813050953,-0.0683073313480718,0.528907850440763,0.181692668651928,-7.52908256731705,FALSE,-1.60280386289698
"P0565",1.18932850987138,0.901928240700739,0.951462807897106,1.15192824070074,-18.3284473013623,FALSE,1.66428596632263
"P0566",1.13518124205386,-0.976799207123318,0.90814499364309,-0.726799207123318,-23.8033270813333,FALSE,0.0892117973091734
"P0567",-0.348779614511731,1.45669404922232,-0.279023691609385,1.70669404922232,17.7830010039554,TRUE,-1.20758747540768
"P0568",1.59282029227895,0.85683083513666,1.27425623382316,1.10683083513666,-38.4168807176297,FALSE,1.37921862955785
"P0569",0.248836084524507,-0.201119016942633,0.199068867619605,0.0488809830573672,-1.06950000428836,FALSE,-1.13900425224121
"P0570",0.0852339675421578,0.559629544657361,0.0681871740337263,0.809629544657361,1.99731241576512,TRUE,-1.08402672343274
"P0571",0.161484318219583,0.341514505453309,0.129187454575666,0.591514505453309,0.377244888327551,TRUE,-0.788748428767056
"P0572",1.69621370943398,0.168903989691782,1.35697096754719,0.418903989691782,-49.4229575683248,FALSE,0.890462807637667
"P0573",-1.12155092451558,-0.119987971589134,-0.89724073961246,0.130012028410866,-21.7273150705611,FALSE,0.622434088434492
"P0574",-0.378497262471965,-1.6315078231405,-0.302797809977572,-1.3815078231405,-13.0223195146793,FALSE,-0.907022133769714
"P0575",0.0767949129339201,0.00155862511513414,0.0614359303471361,0.251558625115134,-0.0382318135970427,FALSE,-0.295592455668114
"P0576",-0.684081821380187,1.52881911615878,-0.54726545710415,1.77881911615878,14.4276536567334,TRUE,0.897012339077424
"P0577",0.709625486052951,0.372165801803058,0.567700388842361,0.622165801803058,-7.73832340029508,FALSE,-1.41570763898563
"P0578",-0.722284394476845,-1.70509790136258,-0.577827515581476,-1.45509790136258,-21.3384580025402,FALSE,0.412205283087459
"P0579",0.378184165399962,0.470092378316853,0.30254733231997,0.720092378316853,-0.977875243167854,FALSE,0.662256601576173
"P0580",1.23472709576928,-1.26329014250221,0.987781676615426,-1.01329014250221,-30.5058519320624,FALSE,1.04815100283663
"P0581",-0.976299089968407,1.39228762473017,-0.781039271974726,1.64228762473017,1.24710928557933,TRUE,0.688336402886178
"P0582",0.118851612600555,-0.214404294919421,0.0950812900804442,0.0355957050805785,-0.243911789777392,FALSE,-1.4002420033834
"P0583",-0.205562207147925,0.595386914605066,-0.16444976571834,0.845386914605066,1.68654063161975,TRUE,-0.523240774053231
"P0584",1.0497296051757,1.08221673656123,0.839783684140557,1.33221673656123,-9.58370848262622,FALSE,8.52184586222468e-05
"P0585",1.20155753407353,-0.290373816316722,0.961246027258828,-0.0403738163167217,-24.9480992174205,FALSE,-0.64736828226849
"P0586",0.814846633005249,-0.759425358668842,0.651877306404199,-0.509425358668842,-12.0023010599491,FALSE,0.302846036905224
"P0587",-1.4104195620192,0.00737570770572039,-1.12833564961536,0.25737570770572,-34.3066195422516,FALSE,-0.64447828986838
"P0588",0.604639540145472,-0.594226653949101,0.483711632116377,-0.344226653949101,-6.48052986617751,FALSE,1.13816966655999
"P0589",-0.896267645720656,1.35264276428108,-0.717014116576524,1.60264276428108,2.58437031825342,TRUE,-1.89106973099754
"P0590",-0.948532812971081,1.1419692365244,-0.758826250376865,1.3919692365244,-4.75886865658918,FALSE,-1.28259071288256
"P0591",0.808145061181912,-1.74561585437497,0.646516048945529,-1.49561585437497,-24.6675147459414,FALSE,-1.1241685963392
"P0592",0.364149956513058,0.244268356642327,0.291319965210446,0.494268356642327,-1.80841627035309,FALSE,1.17948345482055
"P0593",-1.21371050339259,0.146642428310805,-0.970968402714075,0.396642428310805,-25.2054428321323,FALSE,-0.983154760745809
"P0594",0.23507110031956,1.10676104678071,0.188056880255648,1.35676104678071,9.03524032402894,TRUE,1.59681318911191
"P0595",-0.245955050198494,0.853771339640326,-0.196764040158795,1.10377133964033,4.33361344728251,TRUE,1.83602903823976
"P0596",0.214981106823624,-1.88127083152003,0.1719848854589,-1.63127083152003,-18.1621648873563,FALSE,0.412918501745672
"P0597",-2.1405575557842,0.956759732205693,-1.71244604462736,1.20675973220569,-72.1472619041817,FALSE,-1.10991250900836
"P0598",-0.43743252824162,-0.993420370602767,-0.349946022593296,-0.743420370602767,-4.94995589158643,FALSE,-1.18736906207359
"P0599",0.395424162235597,-1.39431668938384,0.316339329788477,-1.14431668938384,-8.69565629892486,FALSE,-0.53741219815537
"P0600",0.754494192248186,-1.14523473936963,0.603595353798549,-0.895234739369626,-12.7067649575303,FALSE,0.311971182935797
"P0601",0.442768791567971,0.543908416104744,0.354215033254377,0.793908416104744,-1.38607186165278,FALSE,1.55626974740247
"P0602",0.968878139287149,-0.426749766892127,0.775102511429719,-0.176749766892127,-16.2432523773643,FALSE,0.760182570237745
"P0603",1.40907924084351,2.12763836418342,1.12726339267481,2.37763836418342,19.4552058120986,TRUE,1.36309754928249
"P0604",0.0621942457553525,0.522078440067227,0.049755396604282,0.772078440067227,1.77411845103846,TRUE,-0.386082947767491
"P0605",1.83892701884767,-0.980272550709785,1.47114161507814,-0.730272550709785,-59.992768151684,FALSE,0.973954267543856
"P0606",-0.308253716405222,1.13610540090879,-0.246602973124177,1.38610540090879,9.01047999391621,TRUE,0.688367542286373
"P0607",-0.74354070779321,-0.881204313692534,-0.594832566234568,-0.631204313692534,-10.5592309870864,FALSE,-0.541148151975022
"P0608",-0.678065819482731,-1.15379294393023,-0.542452655586185,-0.903792943930231,-10.8979048625626,FALSE,-0.113738084859347
"P0609",-0.480442212627712,-1.54206699737572,-0.38435377010217,-1.29206699737572,-12.616749613259,FALSE,0.171956673263846
"P0610",1.28771505313038,-0.942286300237088,1.0301720425043,-0.692286300237088,-29.9810112225277,FALSE,0.508260953468774
"P0611",-0.608200963325814,-0.782220351139809,-0.486560770660651,-0.532220351139809,-6.99504111368639,FALSE,-0.441532439820848
"P0612",1.74777685759495,-1.56691224919994,1.39822148607596,-1.31691224919994,-61.9210914914824,FALSE,0.84953821544869
"P0613",2.38705393890704,-0.643827324002763,1.90964315112564,-0.393827324002763,-98.7062284558892,FALSE,0.115657577626767
"P0614",-1.61189837268348,0.377708772093739,-1.28951869814679,0.627708772093739,-43.9078637879568,FALSE,-1.13665753122119
"P0615",0.3501387166241,0.0653558546469096,0.28011097329928,0.31535585464691,-1.9930305538128,FALSE,0.19700101096187
"P0616",0.394796507457662,1.7162633135385,0.31583720596613,1.9662633135385,27.7144665964827,TRUE,1.15110138968752
"P0617",-1.70043180401396,0.35373219699699,-1.36034544321116,0.60373219699699,-49.0843489814709,FALSE,-0.806845769327999
"P0618",-1.28630176117126,1.43584730758007,-1.029041408937,1.68584730758007,-9.42574859394178,FALSE,-1.86213216792109
"P0619",0.283759176264403,-0.926710703199695,0.227007341011522,-0.676710703199695,-2.63093748203818,FALSE,0.605897305235247
"P0620",0.0945107634973777,1.13623833510805,0.0756086107979022,1.38623833510805,10.5011469835595,TRUE,1.50905707410869
"P0621",0.626568734842982,0.73366094892115,0.501254987874386,0.98366094892115,-2.97680968311827,FALSE,-0.183025464334003
"P0622",-0.945290364792283,1.51111947596105,-0.756232291833827,1.76111947596105,6.40778619986665,TRUE,-0.873326391786907
"P0623",-0.581633136754376,0.708117848485151,-0.4653065094035,0.958117848485151,-2.32760429488673,FALSE,-0.635965461710602
"P0624",1.15816219889786,0.71424854334435,0.926529759118284,0.96424854334435,-19.5922119176688,FALSE,-0.0191457676027128
"P0625",-0.665898119246346,-1.39613792919022,-0.532718495397077,-1.14613792919022,-13.6847174151128,FALSE,-0.263876918698651
"P0626",-0.761851344998869,1.24234024783777,-0.609481075999095,1.49234024783777,3.26462707240373,TRUE,0.597381727996789
"P0627",-1.53165339031673,-0.0186295246136515,-1.22532271225339,0.231370475386348,-40.4886820555168,FALSE,-0.659478738442035
"P0628",-0.539973700060549,0.607025145280557,-0.431978960048439,0.857025145280557,-2.52044439834593,FALSE,0.717827861320469
"P0629",0.788676147069582,0.982047828685723,0.630940917655666,1.23204782868572,-3.26762607030367,FALSE,1.0672359102648
"P0630",1.25463670161019,0.399803202322058,1.00370936128815,0.649803202322057,-26.1031744744807,FALSE,1.08282966496712
"P0631",0.805039788996716,0.474810110892924,0.644031831197373,0.724810110892924,-9.67586390094368,FALSE,0.841204207958607
"P0632",0.794532954051879,0.834336905496377,0.635626363241503,1.08433690549638,-5.80876870195623,FALSE,0.876586654995952
"P0633",-0.978486343553672,0.838998223710638,-0.782789074842938,1.08899822371064,-11.3786392661485,FALSE,-1.79619339212213
"P0634",-0.243584380491896,1.15253430899061,-0.194867504393516,1.40253430899061,10.0104346190473,TRUE,1.33617209258339
"P0635",-0.807652983780827,-1.36043870141487,-0.646122387024662,-1.11043870141487,-16.7488146054399,FALSE,-0.0666528702055817
"P0636",-0.525836680303285,-1.80277553902204,-0.420669344242628,-1.55277553902204,-19.7536549868151,FALSE,-0.421276058770224
"P0637",-1.38118124800252,1.56337187172503,-1.10494499840201,1.81337187172503,-9.1126229695299,FALSE,-0.312320233904147
"P0638",0.116613280113142,-0.0402691720514975,0.0932906240905137,0.209730827948503,-0.198083058010941,FALSE,0.614805921022312
"P0639",-0.72137968286141,-0.980559543783784,-0.577103746289128,-0.730559543783784,-10.5519647314366,FALSE,-0.945383270029273
"P0640",-0.377325387651739,0.509783659483753,-0.301860310121391,0.759783659483753,-0.705825536899079,FALSE,-1.20945795500825
"P0641",0.678478480367917,0.954001297534472,0.542782784294334,1.20400129753447,-0.973181847865263,FALSE,-1.57849758637492
"P0642",-2.23081351371013,0.362028294328013,-1.78465081096811,0.612028294328013,-85.0774090738774,FALSE,-1.83196669214388
"P0643",0.0866466370341098,1.91365033420214,0.0693173096272879,2.16365033420214,40.3857695538664,TRUE,-1.43812422714974
"P0644",-0.324996785265831,0.914553156701928,-0.259997428212665,1.16455315670193,4.49222979598769,TRUE,1.8631157158356
"P0645",-0.411796724568642,1.09634910879825,-0.329437379654914,1.34634910879825,6.83158809259787,TRUE,-1.46942268322597
"P0646",-2.19559790819943,0.646574445429484,-1.75647832655954,0.896574445429484,-80.4180048346147,FALSE,-1.07359664155537
"P0647",0.451958568658167,-0.325744290654775,0.361566854926534,-0.0757442906547748,-3.53146418553973,FALSE,0.149627032618417
"P0648",0.819299701871817,-0.549538320092444,0.655439761497454,-0.299538320092444,-11.7067367383399,FALSE,1.76423648686463
"P0649",-1.40068258681168,-0.459039112729943,-1.12054606944935,-0.209039112729943,-33.9383721531112,FALSE,-0.825090701805918
"P0650",-1.92174973299101,0.613462646339107,-1.53739978639281,0.863462646339107,-61.2420692055905,FALSE,-1.47795772322278
"P0651",-1.18789897960692,-0.094102530435985,-0.950319183685533,0.155897469564015,-24.3687211322731,FALSE,0.553669541847667
"P0652",0.742409115825558,-0.602624824211258,0.593927292660446,-0.352624824211258,-9.69962748278469,FALSE,0.290106152709267
"P0653",-1.02812209341784,2.1328090766298,-0.82249767473427,2.3828090766298,35.8506887835711,TRUE,-1.95532008738724
"P0654",-0.726333478486085,-1.18317032108163,-0.581066782788868,-0.933170321081627,-12.3666867879802,FALSE,-0.568158825163833
"P0655",-1.37174406765426,1.53450016026089,-1.0973952541234,1.78450016026089,-9.78492065326428,FALSE,-1.37639673056432
"P0656",-1.03006380848068,1.13332219269847,-0.824051046784541,1.38332219269847,-7.74623112398432,FALSE,-1.06334106497853
"P0657",2.02705928412742,-2.45284565166544,1.62164742730194,-2.20284565166544,-113.760479539889,FALSE,-0.0943605341347395
"P0658",-0.719329502449503,1.36332873445367,-0.575463601959602,1.61332873445367,7.85560352933491,TRUE,-1.46195132640646
"P0659",-1.57164664032438,0.399911055828301,-1.2573173122595,0.649911055828301,-41.5848151253483,FALSE,-0.830556458289084
"P0660",-0.379519893972853,-0.971452000308898,-0.303615915178283,-0.721452000308898,-3.99097367815868,FALSE,0.532605403893306
"P0661",-1.2046111176387,0.238230133881683,-0.963688894110962,0.488230133881683,-24.6092846268565,FALSE,-0.640482754073966
"P0662",1.5937326882828,1.17797986789805,1.27498615062624,1.42797986789805,-32.2435950975724,FALSE,1.07397579481006
"P0663",0.69504736774055,0.735194957425047,0.55603789419244,0.985194957425047,-4.52285299390351,FALSE,1.98518020022721
"P0664",-0.378567612077581,1.76805278558877,-0.302854089662065,2.01805278558877,30.3979227258382,TRUE,1.43401142153222
"P0665",-0.407773942470459,1.01898164786086,-0.326219153976367,1.26898164786086,5.30052651493058,TRUE,-0.969485093560244
"P0666",-0.110220321093727,-2.34171913221544,-0.0881762568749816,-2.09171913221544,-36.8174286507738,FALSE,0.597830635395269
"P0667",-0.446322630459883,-0.252881323578565,-0.357058104367906,-0.00288132357856463,-3.44224332284296,FALSE,-0.402564157296672
"P0668",0.279312102029791,0.321443902664623,0.223449681623833,0.571443902664623,-0.6016877657227,FALSE,-0.746188730396251
"P0669",-1.41035027258521,0.788558523212338,-1.12828021806817,1.03855852321234,-29.8906660589352,FALSE,-1.20945407593148
"P0670",-1.58232484452657,0.618125788739423,-1.26585987562126,0.868125788739423,-40.6478075072315,FALSE,-1.68483191283394
"P0671",1.34959632740466,-0.177331122584196,1.07967706192373,0.0726688774158036,-31.4724340779207,FALSE,-0.680233710493224
"P0672",2.30468193459524,0.858481802073466,1.84374554767619,1.10848180207347,-86.3356285759264,FALSE,1.04790370726047
"P0673",-0.96503696284154,-0.0886830457648363,-0.772029570273232,0.161316954235164,-16.0760088416945,FALSE,-0.464263174088767
"P0674",-0.213580568812726,-1.4167633303345,-0.170864455050181,-1.1667633303345,-7.14168669656665,FALSE,0.999789847515555
"P0675",-0.205136451952547,0.574432413953461,-0.164109161562038,0.824432413953461,1.51427087302523,TRUE,0.658153878239544
"P0676",0.402692055434472,-0.962897156039,0.322153644347578,-0.712897156039,-4.25138129160561,FALSE,0.573090212367369
"P0677",-0.625299581006072,-0.779332488391362,-0.500239664804857,-0.529332488391362,-7.34973328510627,FALSE,0.262788965960806
"P0678",0.150223046262041,-0.297198079276426,0.120178437009633,-0.0471980792764259,-0.390377696341424,FALSE,-1.33203629842068
"P0679",-0.123553537956524,1.19739383647024,-0.0988428303652194,1.44739383647024,11.8650771675817,TRUE,-0.878967041101429
"P0680",0.134758869180768,-0.102160005939794,0.107807095344614,0.147839994060206,-0.300878828568026,FALSE,0.868480241004312
"P0681",-1.17087095099238,-0.299249568889457,-0.936696760793907,-0.0492495688894573,-23.6903000086729,FALSE,1.0980602225566
"P0682",-0.0930956208618016,1.26944261521508,-0.0744764966894412,1.51944261521508,13.8820220732889,TRUE,0.849447676427943
"P0683",0.312671772413181,0.214818432365771,0.250137417930545,0.464818432365771,-1.28764808153162,FALSE,-0.6182951920208
"P0684",1.11356341830301,0.788142996979193,0.89085073464241,1.03814299697919,-16.9522092505882,FALSE,1.58650080273182
"P0685",0.139751119753274,0.899854637963861,0.111800895802619,1.14985463796386,5.74370850790862,TRUE,0.855643187622802
"P0686",-1.67020338493157,-0.899149641982871,-1.33616270794525,-0.649149641982871,-49.2981254394388,FALSE,-0.332365072491202
"P0687",1.39837930097127,-0.635177704784877,1.11870344077701,-0.385177704784877,-34.0190122163891,FALSE,0.340090681944169
"P0688",-0.284975074230587,0.385956658835689,-0.22798005938447,0.635956658835689,-0.374495039472686,FALSE,-0.418106260360052
"P0689",1.70926561615367,-0.235618029910412,1.36741249292293,0.0143819700895877,-50.4850450975182,FALSE,-0.143315710642814
"P0690",-1.06314878047908,-1.54611017426791,-0.850519024383262,-1.29611017426791,-28.2406806309614,FALSE,-1.43023101837665
"P0691",-1.34286910971607,1.53420843241032,-1.07429528777286,1.78420843241032,-8.44158529391381,FALSE,-1.84255241910523
"P0692",0.00598009198539297,-0.557857336985032,0.00478407358831438,-0.307857336985032,-0.117328078923731,FALSE,0.666964801145391
"P0693",-1.49315400742927,-0.0172742535004211,-1.19452320594342,0.232725746499579,-38.4754947266692,FALSE,-1.61099063564892
"P0694",-1.0953069130513,-1.22872817082926,-0.876245530441038,-0.978728170829258,-24.4808976370087,FALSE,-0.450592463533683
"P0695",-1.41601298775674,-0.503566896305354,-1.1328103902054,-0.253566896305354,-34.7132167862468,FALSE,-0.724856064156914
"P0696",-0.449664326432374,-0.414673955950324,-0.359731461145899,-0.164673955950324,-3.51184374348409,FALSE,-1.57096945797044
"P0697",0.257345812896923,-1.68320804784003,0.205876650317538,-1.43320804784003,-12.9201266486988,FALSE,1.29433821604141
"P0698",0.947439683726553,-0.344333140584133,0.757951746981242,-0.0943331405841332,-15.5146107552005,FALSE,0.811910701776873
"P0699",-0.635995756358256,0.962626002048727,-0.508796605086605,1.21262600204873,0.142883351518031,TRUE,-0.740887621617986
"P0700",-0.469690175589156,-0.912101594429277,-0.375752140471325,-0.662101594429277,-4.97312559064351,FALSE,0.598768719451454
"P0701",1.53379108433374,1.72161297330352,1.22703286746699,1.97161297330352,-9.99478978410254,FALSE,1.9115174592756
"P0702",-0.214610298059145,-0.0445574063682588,-0.171688238447316,0.205442593631741,-0.761190800768322,FALSE,0.757569142936074
"P0703",0.251327083639374,-0.151314594320448,0.201061666911499,0.0986854056795521,-1.08765212194911,FALSE,-0.658532602644177
"P0704",1.5363619414437,0.253508864461155,1.22908955315496,0.503508864461155,-40.2772498622471,FALSE,-1.31611337417691
"P0705",0.116490612769661,-0.422292730965337,0.0931924902157291,-0.172292730965337,-0.254948577082404,FALSE,-1.15862334976536
"P0706",1.03156710842448,-1.5845385640302,0.825253686739583,-1.3345385640302,-27.895394799867,FALSE,0.761557273391683
"P0707",1.111058249238,-0.311877342670639,0.888846599390399,-0.0618773426706394,-21.3322511509414,FALSE,0.859248822495896
"P0708",1.63489259758075,-1.2647469579798,1.3079140780646,-1.0147469579798,-50.366845358429,FALSE,-0.187466835117623
"P0709",-1.54082934295964,0.424610832511416,-1.23266347436772,0.674610832511416,-39.7973385548115,FALSE,0.228375638316516
"P0710",-0.933783847164578,0.486141538497405,-0.747027077731663,0.736141538497405,-13.4716620303375,FALSE,-0.670083414950314
"P0711",0.984621319805636,-0.128496430699955,0.787697055844509,0.121503569300045,-16.7454245124155,FALSE,0.542336905587691
"P0712",-0.33734929237875,0.205888100322183,-0.269879433903,0.455888100322184,-1.58754642192732,FALSE,-0.501663292659071
"P0713",0.515394973957036,-1.06613884987883,0.412315979165629,-0.816138849878833,-6.76458422132595,FALSE,0.205690621868148
"P0714",0.847731396793353,1.17315277251537,0.678185117434683,1.42315277251537,-0.888637936247301,FALSE,0.79508935851289
"P0715",-0.790495073693353,-0.298160787052273,-0.632396058954682,-0.0481607870522728,-10.7984157636463,FALSE,-1.3233474639183
"P0716",-0.00963691465217712,-1.32415306797689,-0.0077095317217417,-1.07415306797689,-4.95905671657313,FALSE,1.23407383303031
"P0717",1.07893599101476,0.107356781811428,0.863148792811805,0.357356781811428,-19.9331542650499,FALSE,-0.983503497665071
"P0718",1.18503515697765,0.199986221937052,0.94802812558212,0.449986221937052,-23.9019813058261,FALSE,1.47709299296681
"P0719",0.0420336587693149,-2.00574249933603,0.0336269270154519,-1.75574249933603,-21.6797609062893,FALSE,-0.117436703077004
"P0720",0.00345239147432351,-1.12708446372701,0.00276191317945881,-0.877084463727006,-2.69909012954366,FALSE,-0.534473384400242
"P0721",-0.662425045443067,0.884429553890211,-0.529940036354454,1.13442955389021,-1.74285636149926,FALSE,-1.33683944525408
"P0722",0.691675748574137,-0.107958459847586,0.55334059885931,0.142041540152414,-8.25555388901317,FALSE,1.06022732840326
"P0723",-0.551986068683771,0.61172031900221,-0.441588854947017,0.86172031900221,-2.70549661637486,FALSE,-0.416495489416816
"P0724",-0.0167988138251679,-0.0594774736252889,-0.0134390510601343,0.190522526374711,0.0227865629915701,TRUE,1.29255351527589
"P0725",-0.96590343803741,-2.18924394085213,-0.772722750429928,-1.93924394085213,-45.2931153790679,FALSE,-0.942907018130428
"P0726",-0.511794928655455,0.750887449139344,-0.409435942924364,1.00088744913934,-0.515561523416276,FALSE,-0.298312520112618
"P0727",-1.9957582036863,0.960188279304621,-1.59660656294904,1.21018827930462,-61.7375655234962,FALSE,-1.47774419918748
"P0728",1.99457496355238,1.12487241688422,1.59565997084191,1.37487241688422,-58.3499868221437,FALSE,1.98534493765001
"P0729",0.471649124123476,-0.00531039819421335,0.377319299298781,0.244689601805787,-3.78538484450834,FALSE,0.474683471461186
"P0730",2.02918850740445,1.10541906214567,1.62335080592356,1.35541906214567,-61.191740396827,FALSE,1.47459410575087
"P0731",1.28640783603665,-0.530520720947438,1.02912626882932,-0.280520720947438,-28.6840224901504,FALSE,-0.084315857905736
"P0732",0.729502629414904,0.0720213870048859,0.583602103531923,0.322021387004886,-9.06239660801589,FALSE,-0.0823268156914815
"P0733",-1.02938598230289,-0.755601983644651,-0.823508785842308,-0.505601983644651,-18.827496397175,FALSE,-0.519160064135204
"P0734",-0.889499308978332,-0.638498425259174,-0.711599447182666,-0.388498425259174,-13.9066377415897,FALSE,-0.45960174652774
"P0735",-0.131406922735653,-1.14410339410712,-0.105125538188523,-0.894103394107121,-3.15744691324611,FALSE,-0.801435491139042
"P0736",-1.52154502466933,0.367441497254623,-1.21723601973546,0.617441497254623,-39.0633564757076,FALSE,-1.83588564076839
"P0737",-1.69080343986339,0.178618562286974,-1.35264275189071,0.428618562286974,-49.0853724818998,FALSE,-0.597165114310775
"P0738",1.55757017522519,-0.215672801623962,1.24605614018015,0.0343271983760385,-41.921547622262,FALSE,1.5344252232976
"P0739",0.480025845640248,2.23189201364106,0.384020676512198,2.48189201364106,57.1699734881038,TRUE,2.10975984993735
"P0740",-1.37227267020313,-0.79570928668761,-1.09781813616251,-0.54570928668761,-33.1905717245186,FALSE,-0.917148198806143
"P0741",0.100238495850199,0.687858228664491,0.0801907966801593,0.937858228664491,3.1260528497678,TRUE,0.778280019392072
"P0742",0.687688160157319,2.35993431379677,0.550150528125855,2.60993431379677,62.9409833061914,TRUE,1.27535167694867
"P0743",-0.0704439004438951,-0.577013676733211,-0.0563551203551161,-0.327013676733211,-0.225629970943343,FALSE,-0.119872085566043
"P0744",-1.47969690108369,1.8575870560234,-1.18375752086695,2.1075870560234,-0.387651091777705,FALSE,-2.16312153010795
"P0745",1.2367902132778,0.054923646075986,0.989432170622241,0.304923646075986,-26.3189472596301,FALSE,0.652438717108042
"P0746",1.04775593410439,-0.341073621415722,0.838204747283514,-0.0910736214157216,-18.9728759617804,FALSE,-0.807590739073223
"P0747",-0.897165245503304,1.55370795041059,-0.717732196402643,1.80370795041059,9.56369563671343,TRUE,-1.48407178750472
"P0748",1.31253977679402,-1.53884906115007,1.05003182143522,-1.28884906115007,-38.3330974742773,FALSE,0.430926982027503
"P0749",0.289719912637899,0.893025991774307,0.231775930110319,1.14302599177431,4.52305011237724,TRUE,-0.98428070075507
"P0750",-0.459070547508064,-1.7909934748561,-0.367256438006451,-1.5409934748561,-18.2790346071084,FALSE,-0.217038059569916
"P0751",-0.253021648609979,-0.193144178059263,-0.202417318887984,0.056855821940737,-1.10552965162423,FALSE,-1.29406039180445
"P0752",-0.961050904155032,0.0872885254074245,-0.768840723324026,0.337288525407424,-15.8066490024676,FALSE,-1.14481281938327
"P0753",0.919278580166663,0.505468269369384,0.735422864133331,0.755468269369384,-12.8781827154114,FALSE,0.715855316496457
"P0754",0.641163016285809,-1.11479205219821,0.512930413028647,-0.864792052198214,-9.69062728035402,FALSE,-0.305695000322347
"P0755",0.357918789378436,0.881318429900941,0.286335031502749,1.13131842990094,3.57814436045025,TRUE,-1.28372079692983
"P0756",-0.726465150158837,-0.359122040647889,-0.58117212012707,-0.109122040647889,-9.12474543181858,FALSE,-0.750845013820788
"P0757",-0.473494914373186,-1.06701372780401,-0.378795931498549,-0.817013727804007,-6.05559567018166,FALSE,0.709724275600881
"P0758",-0.228461350252837,0.288351539052297,-0.18276908020227,0.538351539052297,-0.277817193867773,FALSE,-1.42731459230826
"P0759",0.429214741088344,0.549051821013195,0.343371792870675,0.799051821013195,-1.14268646697091,FALSE,-0.835267564252983
"P0760",0.265963663841002,-0.0263642803161087,0.212770931072801,0.223635719683891,-1.17759095100389,FALSE,1.04595929857327
"P0761",-0.64741330987841,-0.283231754447242,-0.517930647902728,-0.033231754447242,-7.2429550108835,FALSE,-1.65378271990043
"P0762",0.335610656491159,0.0803661602435476,0.268488525192927,0.330366160243548,-1.80209735099437,FALSE,0.109464748261758
"P0763",-0.877160832191369,-0.0866521531844631,-0.701728665753095,0.163347846815537,-13.2779901210259,FALSE,-0.0280522886929248
"P0764",-0.328533725661973,-0.0626766594669952,-0.262826980529578,0.187323340533005,-1.83881385626139,FALSE,0.121397965034516
"P0765",-0.946181692612096,-0.0570096619931335,-0.756945354089677,0.192990338006866,-15.4413373556833,FALSE,-0.914372069074193
"P0766",0.630545534628088,-0.990435989025883,0.504436427702471,-0.740435989025883,-8.4940776184031,FALSE,-1.01777640190543
"P0767",0.0877040049086124,0.682350945036832,0.0701632039268899,0.932350945036832,3.10897209099873,TRUE,0.0261240658072673
"P0768",0.742427353935114,0.0319557736550433,0.593941883148091,0.281955773655043,-9.43504706110414,FALSE,0.59575284906303
"P0769",0.0581235750656514,1.37025645987424,0.0464988600525212,1.62025645987424,16.9558120305691,TRUE,-1.06360167814785
"P0770",-2.436646315985,-0.0888566932201858,-1.949317052788,0.161143306779814,-102.578860512283,FALSE,-1.44893323021132
"P0771",-0.277001291971127,1.00561797260878,-0.221601033576901,1.25561797260878,6.59242163168376,TRUE,1.50511284692427
"P0772",0.311433741437441,-1.67828257384508,0.249146993149953,-1.42828257384508,-13.3307390704126,FALSE,-1.29596977135544
"P0773",0.16617925840572,0.239093969248804,0.132943406724576,0.489093969248804,-0.00920626550350317,FALSE,0.098920035217862
"P0774",-0.12256936823633,-0.550860912163419,-0.0980554945890644,-0.300860912163419,-0.368534216415795,FALSE,-1.31763731577595
"P0775",-0.824933655537482,-0.647577707616935,-0.659946924429986,-0.397577707616935,-12.0106857685193,FALSE,0.598908252282765
"P0776",-0.649460971155765,-1.00424831352765,-0.519568776924612,-0.754248313527654,-9.00503513330254,FALSE,-0.368715226683509
"P0777",-0.730615896395671,-0.687069571736406,-0.584492717116537,-0.437069571736406,-9.55803015170399,FALSE,-0.557834324186373
"P0778",-0.395534047688908,0.371322838832318,-0.316427238151126,0.621322838832318,-1.7439803006864,FALSE,-0.654465354609592
"P0779",-1.353412297835,-0.373187732828788,-1.082729838268,-0.123187732828788,-31.6596829748134,FALSE,-1.39228704006934
"P0780",-0.46743324743405,0.538174843992763,-0.37394659794724,0.788174843992763,-1.8170549721063,FALSE,-0.754820157615942
"P0781",1.69949815637807,-0.640053560542035,1.35959852510246,-0.390053560542035,-50.1470938075687,FALSE,1.33238603964345
"P0782",0.140755669364275,-1.54385152366682,0.11260453549142,-1.29385152366682,-9.00625180705349,FALSE,0.153729924200829
"P0783",0.622001386811959,-0.0111530532477903,0.497601109449567,0.23884694675221,-6.63088249887228,FALSE,0.0936480083865892
"P0784",-0.229736165565897,-1.02470220737166,-0.183788932452718,-0.774702207371664,-2.77180801994077,FALSE,-0.225341735471926
"P0785",0.693641937477803,0.415222308757927,0.554913549982242,0.665222308757927,-7.13658567444447,FALSE,2.08078432358433
"P0786",-0.947392629945557,0.109734053320816,-0.757914103956446,0.359734053320816,-15.3235015971621,FALSE,-1.57277402629796
"P0787",-1.87312994777749,1.78076910293263,-1.49850395822199,2.03076910293263,-27.1291258792571,FALSE,-1.87745732762855
"P0788",-1.33170818504164,-1.06156210395802,-1.06536654803332,-0.811562103958016,-32.7832452956173,FALSE,-1.66335534670527
"P0789",0.591429530518792,-1.38642577705266,0.473143624415034,-1.13642577705266,-11.9149618703651,FALSE,0.541596697756007
"P0790",0.603386737182656,-0.275745438368978,0.482709389746125,-0.025745438368978,-6.29129384277323,FALSE,0.4567254651798
"P0791",-0.442226226740865,-1.15946799097549,-0.353780981392692,-0.909467990975487,-6.388346945516,FALSE,0.433981408117007
"P0792",0.529178788732367,0.57671855330442,0.423343030985894,0.82671855330442,-2.57879364754835,FALSE,1.18765061528567
"P0793",-0.544168936730017,-0.685842632938857,-0.435335149384013,-0.435842632938857,-5.44811926717388,FALSE,-0.650481426865536
"P0794",0.634182136031586,0.940165135800864,0.507345708825269,1.19016513580086,-0.206348467989726,FALSE,1.93238243778439
"P0795",-0.5000018818088,-0.190348167123648,-0.40000150544704,0.0596518328763524,-4.31918347142716,FALSE,-0.757589907343893
"P0796",-0.314264803114377,-1.26853183255279,-0.251411842491502,-1.01853183255279,-5.9331422866223,FALSE,-0.31258589575657
"P0797",-0.41483552251102,2.36358865567631,-0.331868418008816,2.61358865567631,68.4383934483617,TRUE,-1.99784788856602
"P0798",-0.458174786897624,0.174503873116218,-0.366539829518099,0.424503873116218,-3.3215006590107,FALSE,-0.830412528605161
"P0799",-1.28244655626954,0.993696096283332,-1.02595724501563,1.24369609628333,-20.7249863609067,FALSE,-1.94123380827116
"P0800",-0.239245603980844,0.404615938502425,-0.191396483184675,0.654615938502425,0.132988823403385,TRUE,-1.27105872488165
"P0801",0.215652971758295,0.972042889838957,0.172522377406636,1.22204288983896,6.49631357043561,TRUE,-1.26159557088902
"P0802",-1.49592809143307,-0.736022170270233,-1.19674247314646,-0.486022170270233,-39.1284266350992,FALSE,0.180974133696525
"P0803",-0.405436266017825,-1.69228954002016,-0.32434901281426,-1.44228954002016,-14.8414593289511,FALSE,0.149565686620705
"P0804",0.072060360456498,-0.314459975891982,0.0576482883651984,-0.0644599758919825,-0.090801126704893,FALSE,0.393813925614839
"P0805",0.499964655992306,-0.640164132074493,0.399971724793845,-0.390164132074493,-4.55696497708935,FALSE,0.278030327717643
"P0806",1.2684139111786,1.02458655904191,1.01473112894288,1.27458655904191,-19.5187152137247,FALSE,1.41452284486645
"P0807",-0.0802604991879325,-0.892824043606791,-0.064208399350346,-0.642824043606791,-1.17383147970542,FALSE,1.77932192325403
"P0808",0.172219553414293,0.527908009302694,0.137775642731434,0.777908009302694,1.37045827232246,TRUE,1.1453586592685
"P0809",-0.414034533286879,0.996455594536645,-0.331227626629503,1.24645559453664,4.78401366425207,TRUE,1.51388228155126
"P0810",0.166680226095739,1.52041412235831,0.133344180876591,1.77041412235831,21.7164263846348,TRUE,2.53530773043504
"P0811",1.3527207089239,0.196403899949677,1.08217656713912,0.446403899949677,-31.2640341832435,FALSE,-0.260438560403039
"P0812",-0.0519363753649846,1.4184732039251,-0.0415491002919877,1.6684732039251,18.5321908734063,TRUE,-1.14210086747884
"P0813",0.184478936862121,0.754746024739104,0.147583149489697,1.0047460247391,3.46914179913219,TRUE,1.77505249719537
"P0814",-0.23773969252452,1.04483061414946,-0.190191754019616,1.29483061414946,7.70691278515489,TRUE,-0.856321067044212
"P0815",-0.227719583267008,0.285645663946376,-0.182175666613606,0.535645663946376,-0.281333445249737,FALSE,-0.31244379996761
"P0816",-0.980826801337293,0.0471848455469089,-0.784661441069834,0.297184845546909,-16.5187385074586,FALSE,1.27273532605839
"P0817",1.07597123311945,0.878796973945116,0.860776986495558,1.12879697394512,-14.2521256625642,FALSE,1.8679604042364
"P0818",1.20119373482152,1.05340487343126,0.960954987857212,1.30340487343126,-16.0754993501436,FALSE,1.47344184017078
"P0819",0.681743305178024,-0.483778220611141,0.545394644142419,-0.233778220611141,-8.08239961124371,FALSE,0.916839513506484
"P0820",-0.00628125810160318,-0.420123334897934,-0.00502500648128254,-0.170123334897934,-0.0203765722152592,FALSE,0.503613885404078
"P0821",0.542288798967342,-0.246082426756324,0.433831039173874,0.00391757324367648,-5.0816527643705,FALSE,0.695933992138337
"P0822",-0.670277403468176,-0.38645811883589,-0.536221922774541,-0.13645811883589,-7.77358050981766,FALSE,-0.394379013517899
"P0823",-0.347459728267713,0.587643720984386,-0.27796778261417,0.837643720984386,0.264736446033488,TRUE,0.560140314193558
"P0824",-0.578215124352575,1.22083456367894,-0.46257209948206,1.47083456367894,6.9504756174504,TRUE,0.525988831388523
"P0825",-0.741171189574194,-0.497906096342658,-0.592936951659355,-0.247906096342658,-9.55344686219564,FALSE,0.102639364415735
"P0826",-0.856804779016213,0.395753568417607,-0.68544382321297,0.645753568417607,-11.6083864024812,FALSE,-0.861886040299837
"P0827",1.84092494338563,0.140690796557296,1.4727399547085,0.390690796557296,-58.3234612267691,FALSE,0.960310016031769
"P0828",0.737671560253179,-0.568292907315528,0.590137248202543,-0.318292907315528,-9.53205873133948,FALSE,-0.782479230424512
"P0829",0.714771038948007,0.119657266512089,0.571816831158406,0.369657266512089,-8.62626170787796,FALSE,0.661447799793091
"P0830",1.07733030206578,-0.241455660744039,0.861864241652624,0.00854433925596135,-20.0558667229222,FALSE,0.047844035442818
"P0831",-0.430327322344511,-0.335773161670091,-0.344261857875609,-0.0857731616700908,-3.20246226797514,FALSE,-0.254486175955461
"P0832",1.11019054703386,0.415812233196019,0.888152437627088,0.66581223319602,-20.117364271867,FALSE,0.472883306209624
"P0833",0.0853738299420927,-0.190661514906088,0.0682990639536742,0.0593384850939118,-0.125112841226043,FALSE,1.03049597831981
"P0834",-0.709705332722714,0.319374987228082,-0.567764266178171,0.569374987228082,-7.96528120140618,FALSE,-0.211038967035099
"P0835",1.60240087023496,1.99486128843258,1.28192069618797,2.24486128843258,0.881377575621663,TRUE,1.82554995815967
"P0836",-0.529198923462931,-1.75822741775569,-0.423359138770345,-1.50822741775569,-18.5626508645952,FALSE,-0.794074402537908
"P0837",0.537808446737045,0.220395725908486,0.430246757389636,0.470395725908486,-4.58168947689157,FALSE,-0.328407676209938
"P0838",0.00556445821799389,1.0781750991233,0.00445156657439511,1.3281750991233,9.37132927674758,TRUE,1.73473705816909
"P0839",0.326526008843958,-1.26583156476977,0.261220807075167,-1.01583156476977,-6.03538268187202,FALSE,-0.756827594841852
"P0840",-1.420552972832,0.258816699123809,-1.1364423782656,0.508816699123809,-34.3436152922776,FALSE,-0.95047421314021
"P0841",-0.386496802046059,0.242366064158886,-0.309197441636848,0.492366064158886,-2.10383648889442,FALSE,1.4361260704233
"P0842",0.0133064364038385,0.690189575509312,0.0106451491230708,0.940189575509312,3.32128689406207,TRUE,1.29655958859679
"P0843",-0.635387084110825,1.32776503148687,-0.50830966728866,1.57776503148687,8.7341647751919,TRUE,-1.65504936126236
"P0844",0.0352582622981198,-2.25410168071882,0.0282066098384959,-2.00410168071882,-32.2187662680016,FALSE,-0.281466779026733
"P0845",-0.910518445724493,0.916769339872309,-0.728414756579594,1.16676933987231,-7.9723485601452,FALSE,0.610517254667783
"P0846",0.580566236027716,1.23426085174798,0.464452988822173,1.48426085174798,7.25513874741926,TRUE,1.08806344773149
"P0847",-1.33030979842836,-1.75395153669796,-1.06424783874268,-1.50395153669796,-44.1878062824619,FALSE,-0.263113359073285
"P0848",-1.50999907426505,0.404368031191127,-1.20799925941204,0.654368031191127,-38.2792846168467,FALSE,-2.16835156729022
"P0849",-0.972321916307388,0.949385027779443,-0.77785753304591,1.19938502777944,-9.43530450129282,FALSE,-0.886536518212598
"P0850",-0.465521376744905,1.07364057066118,-0.372417101395924,1.32364057066118,5.53145066619258,TRUE,-1.45702244105708
"P0851",-1.53150196320372,0.3515937632122,-1.22520157056298,0.6015937632122,-39.6593066279153,FALSE,-1.13088523275464
"P0852",-0.976171735043411,-1.12824564098417,-0.780937388034729,-0.878245640984171,-19.1759240810731,FALSE,-1.16548315011037
"P0853",-1.18942166041503,0.819228830981897,-0.951537328332024,1.0692288309819,-19.5568440574208,FALSE,-1.14096212923622
"P0854",0.247126852390468,0.31130378057344,0.197701481912374,0.56130378057344,-0.347936831790331,FALSE,1.21053380032799
"P0855",-1.17116812420355,-0.12689071903588,-0.936934499362838,0.12310928096412,-23.6943855892273,FALSE,-1.77558211417471
"P0856",-0.147446386935933,0.457451534345378,-0.117957109548746,0.707451534345378,1.04060833829233,TRUE,-0.163430218482711
"P0857",-1.08100065302123,-1.64877459806988,-0.864800522416988,-1.39877459806988,-31.1399622427521,FALSE,0.399391495664921
"P0858",-0.1511144173585,0.918494269657462,-0.1208915338868,1.16849426965746,5.98715088690835,TRUE,1.13599130918122
"P0859",-0.0326971671849586,0.964212955713485,-0.0261577337479669,1.21421295571348,7.14204614610354,TRUE,0.513821001135639
"P0860",0.298959413495281,0.837106798444698,0.239167530796225,1.0871067984447,3.59454652730817,TRUE,-0.416150111051293
"P0861",0.28086153075701,0.896937019529195,0.224689224605608,1.1469370195292,4.67191816784941,TRUE,-0.651060933127158
"P0862",1.52778898565299,0.897704808336223,1.22223118852239,1.14770480833622,-34.2867771542967,FALSE,1.3796595552593
"P0863",-0.821359386614119,0.426464104486792,-0.657087509291295,0.676464104486792,-10.4194179943881,FALSE,-1.0145373230479
"P0864",0.871276049190494,-0.259860146749393,0.697020839352395,-0.0098601467493934,-13.1176311977832,FALSE,1.59754753054883
"P0865",-1.334035084672,0.485859090729884,-1.0672280677376,0.735859090729885,-29.1585079718113,FALSE,-0.887873684996714
"P0866",-1.09584927759462,0.515368948808407,-0.876679422075699,0.765368948808407,-18.9579230788476,FALSE,-1.01869928236871
"P0867",0.109760842944035,-0.583389759982844,0.0878086743552284,-0.333389759982844,-0.356403205302024,FALSE,-0.50037643192235
"P0868",-0.037233546397484,0.24741734326851,-0.0297868371179872,0.49741734326851,0.468336078625483,TRUE,-0.185883978699494
"P0869",0.156893455859291,0.953656820653933,0.125514764687432,1.20365682065393,6.55002580198535,TRUE,-0.58027586533907
"P0870",1.05377424276507,-1.94940253449857,0.843019394212057,-1.69940253449857,-38.8196930511206,FALSE,0.350952567324246
"P0871",0.0620965940848642,-0.60159519062881,0.0496772752678913,-0.35159519062881,-0.240487089227379,FALSE,1.14513815932306
"P0872",-0.240337675207902,-0.259789265287866,-0.192270140166322,-0.00978926528786606,-0.998134535998586,FALSE,-0.76119278180164
"P0873",-0.589383289921453,0.822238717285628,-0.471506631937162,1.07223871728563,-1.07160592079603,FALSE,-1.4363839069649
"P0874",-1.30137593608464,-0.154214193113273,-1.04110074886771,0.0957858068867274,-29.2615354621404,FALSE,0.343968058608278
"P0875",-0.342519910964763,0.928133588993354,-0.27401592877181,1.17813358899335,4.5137041230264,TRUE,0.715091018610678
"P0876",-1.27893348438668,-1.38920905397706,-1.02314678750934,-1.13920905397706,-34.1782420121003,FALSE,-0.726403193499723
"P0877",-0.778343961215754,0.0313659762876057,-0.622675168972604,0.281365976287606,-10.3794584934057,FALSE,-0.233285220070625
"P0878",-0.853279352518768,1.1958179723954,-0.682623482015014,1.4458179723954,-0.492028625607178,FALSE,-0.885197652446518
"P0879",0.129202873443027,-2.14702316170516,0.103362298754422,-1.89702316170516,-27.5957069529623,FALSE,0.501369604107396
"P0880",-0.385492414421196,-0.0389220649417415,-0.308393931536957,0.211077935058258,-2.53026668289649,FALSE,0.992200167456882
"P0881",0.784017621026495,1.31509070585066,0.627214096821196,1.56509070585066,4.71308143517818,TRUE,0.145726415689527
"P0882",-1.97695542668617,-0.190908904096216,-1.58156434134894,0.0590910959037836,-67.535510350179,FALSE,0.75041431778293
"P0883",-0.114136293834539,-0.65260282140705,-0.0913090350676315,-0.40260282140705,-0.486138182989699,FALSE,1.02052427696299
"P0884",1.31222067326141,0.430935857410172,1.04977653860913,0.680935857410172,-28.491903051741,FALSE,1.38464576993463
"P0885",1.98096028650645,-0.442344569209874,1.58476822920516,-0.192344569209874,-67.8387034401526,FALSE,0.945274807018419
"P0886",-0.150268960141798,1.65641002588108,-0.120215168113438,1.90641002588108,27.3244246515225,TRUE,-0.578050666842449
"P0887",-0.0831633989756195,0.0839872406666997,-0.0665307191804956,0.3339872406667,0.0295106480340714,TRUE,-0.269226680062883
"P0888",-0.579793061028791,-2.18178481451784,-0.463834448823033,-1.93178481451784,-34.6449255572526,FALSE,-0.268870269310967
"P0889",0.797748532643796,-1.86199058228793,0.638198826115036,-1.61199058228793,-27.75215707032,FALSE,0.646732328240716
"P0890",0.472883358655459,0.418389505545726,0.378306686924367,0.668389505545726,-2.66973320798366,FALSE,0.126455302689188
"P0891",-0.0202575471122706,1.34483582397114,-0.0162060376898164,1.59483582397114,16.2187768380603,TRUE,-1.53258314667956
"P0892",0.256644166605042,0.624859970433796,0.205315333284034,0.874859970433796,1.54023276003503,TRUE,0.403721904292864
"P0893",-1.71635972771744,-0.368098360412109,-1.37308778217395,-0.118098360412109,-50.9115801305429,FALSE,-1.66526838334936
"P0894",0.854989354631959,0.846746547447689,0.683991483705567,1.09674654744769,-7.35489799153087,FALSE,1.42339759969539
"P0895",-0.518491705473688,-0.112414783372417,-0.41479336437895,0.137585216627583,-4.63502766557888,FALSE,-0.433216324192943
"P0896",-1.01581831577561,0.35217324310833,-0.812654652620491,0.60217324310833,-16.9575823227136,FALSE,-0.627425685822943
"P0897",0.900136218351038,1.1886892525263,0.720108974680831,1.4386892525263,-2.08968716871562,FALSE,1.45346334278404
"P0898",1.48839651910503,-0.669558580069534,1.19071721528402,-0.419558580069534,-38.5762207268898,FALSE,0.571723288810643
"P0899",-0.717730582495998,1.58657414687684,-0.574184465996799,1.83657414687684,15.8775215336297,TRUE,-1.58486388439052
"P0900",-1.00797482691741,-0.318430961975496,-0.806379861533932,-0.0684309619754961,-17.5579907824545,FALSE,-0.132084593139489
"P0901",1.44041219171178,-0.497819374127098,1.15232975336942,-0.247819374127098,-35.9132029880179,FALSE,0.954020798210007
"P0902",0.659942708769963,0.492227026071046,0.527954167015971,0.742227026071046,-5.89028694712947,FALSE,0.447708804367421
"P0903",-1.68639865756301,0.631021104058898,-1.34911892605041,0.881021104058898,-46.4079027384617,FALSE,-1.4154366011032
"P0904",-0.464390651618183,-2.24658152048635,-0.371512521294546,-1.99658152048635,-35.5627752315271,FALSE,1.16303339110811
"P0905",0.432507819179797,-0.753316123273339,0.346006255343838,-0.503316123273339,-3.74246337162746,FALSE,-0.315308707237377
"P0906",-0.0376620435244586,-0.374129365680469,-0.0301296348195669,-0.124129365680469,-0.0321608525792201,FALSE,1.71041196580038
"P0907",-0.786224552669961,0.488245414506935,-0.628979642135969,0.738245414506935,-9.07222195207492,FALSE,-0.352325707088191
"P0908",-0.859011020786175,1.05229365431329,-0.68720881662894,1.30229365431329,-3.91631342961721,FALSE,-1.63981621376016
"P0909",-0.0187424634197164,0.136858887342017,-0.0149939707357731,0.386858887342017,0.225518775566158,TRUE,-0.143231871409006
"P0910",0.638844910933498,-0.296648449936813,0.511075928746799,-0.0466484499368134,-7.05276837613933,FALSE,0.387175191896221
"P0911",-0.282913999598682,-0.536540408486578,-0.226331199678946,-0.286540408486578,-1.47720298854695,FALSE,-1.05075754839633
"P0912",-0.585736839444744,-0.523696744660786,-0.468589471555795,-0.273696744660786,-6.01056489892062,FALSE,-1.26735428107969
"P0913",0.814307545958056,0.666678109725885,0.651446036766445,0.916678109725885,-8.37717844396578,FALSE,0.998707631726382
"P0914",0.234411370375789,-0.560550920790893,0.187529096300631,-0.310550920790893,-1.06931382449788,FALSE,-0.769303084311373
"P0915",2.4271484919294,-1.08061605723085,1.94171879354352,-0.830616057230852,-104.089585179338,FALSE,0.180860978812973
"P0916",0.314800180696967,-1.13265267160959,0.251840144557573,-0.882652671609592,-4.46304650568854,FALSE,1.16733087838854
"P0917",1.01174712316501,-0.937756673843281,0.809397698532011,-0.687756673843281,-18.9896261815453,FALSE,0.639971224236974
"P0918",0.76315914130877,1.80975369491148,0.610527313047016,2.05975369491148,24.890645656962,TRUE,1.28798006507177
"P0919",-1.09060202079418,-1.45940172874101,-0.872481616635344,-1.20940172874101,-27.6287906757606,FALSE,0.562063570146057
"P0920",2.14512310528916,-2.21856135265694,1.71609848423133,-1.96856135265694,-110.029380162948,FALSE,0.0485310201941561
"P0921",0.397520747233306,-0.640898860682493,0.318016597786645,-0.390898860682493,-2.96955340926149,FALSE,-0.113328528255204
"P0922",0.92231627593351,-0.672483767285524,0.737853020746808,-0.422483767285524,-15.0011719582242,FALSE,-0.265584582945855
"P0923",-0.75571735472242,1.2163767234371,-0.604573883777936,1.4663767234371,2.74361024455122,TRUE,-1.45700333954034
"P0924",0.178212089439493,1.06503651464238,0.142569671551594,1.31503651464238,8.54767622177872,TRUE,0.736568515273007
"P0925",-0.743313404947265,0.0327452080817979,-0.594650723957812,0.282745208081798,-9.45703995855661,FALSE,-1.45083692079315
"P0926",0.743632152681855,-0.343227351160851,0.594905722145484,-0.0932273511608511,-9.55888717457258,FALSE,1.17897101417668
"P0927",0.661896073464943,-1.16042020274452,0.529516858771954,-0.910420202744515,-10.5889403676981,FALSE,0.305500193075942
"P0928",-0.701878462113903,0.381068717895513,-0.561502769691122,0.631068717895513,-7.50741800082228,FALSE,-0.506608031007063
"P0929",1.390075096514,-1.09597756761884,1.1120600772112,-0.845977567618839,-35.8120859003679,FALSE,0.531204915457169
"P0930",-0.442359084289018,0.386335154130984,-0.353887267431214,0.636335154130984,-2.35071184384365,FALSE,0.665710241036335
"P0931",0.642062556653785,0.937477753654942,0.513650045323028,1.18747775365494,-0.425716219947409,FALSE,0.732365524516781
"P0932",1.14444574179094,-1.34020774602555,0.915556593432752,-1.09020774602555,-27.8156630871944,FALSE,0.0234380873657581
"P0933",-1.19246792644048,1.197065892659,-0.953974341152382,1.447065892659,-12.4511880094799,FALSE,-1.0617438109029
"P0934",0.150193915037578,-1.17747044698616,0.120155132030063,-0.927470446986159,-3.58105152457763,FALSE,0.771316753296842
"P0935",-0.0310791476339611,-0.751202542137416,-0.0248633181071689,-0.501202542137416,-0.520307293870877,FALSE,-1.02079841202363
"P0936",-1.78855002300122,0.676583027552257,-1.43084001840097,0.926583027552257,-52.0950912053608,FALSE,-1.47113990532744
"P0937",-1.62973890457214,0.650137010592393,-1.30379112365771,0.900137010592393,-42.9791929957681,FALSE,-1.54042532855335
"P0938",0.562350547032904,0.306410148579398,0.449880437626323,0.556410148579398,-4.77555393334191,FALSE,-0.524412321643677
"P0939",0.999409078351693,-0.690813158548867,0.799527262681354,-0.440813158548867,-17.6022124051791,FALSE,0.189159997668308
"P0940",-0.231982058082831,0.726434170608958,-0.185585646466265,0.976434170608958,2.79388700940544,TRUE,0.634557783205938
"P0941",-1.48450894799862,1.24552882212834,-1.1876071583989,1.49552882212834,-24.7014529066759,FALSE,-1.61217556121363
"P0942",-0.0578758546915973,1.10201473643915,-0.0463006837532779,1.35201473643915,9.82774673754345,TRUE,-0.976198730008803
"P0943",1.32128544784369,0.44001841060703,1.05702835827495,0.69001841060703,-28.8532004690442,FALSE,0.593318187176359
"P0944",-0.662271921292067,-0.13721185153088,-0.529817537033654,0.11278814846912,-7.57333962157267,FALSE,-1.53458821375926
"P0945",-0.302039810515285,-0.344107039160958,-0.241631848412228,-0.0941070391609577,-1.57975435301712,FALSE,-0.498628300838002
"P0946",0.844212012983037,-0.197366642143327,0.67536961038643,0.0526333578566731,-12.3147677525803,FALSE,0.928208765510821
"P0947",1.67548339544487,0.934988893812524,1.3403867163559,1.18498889381252,-41.8533474786297,FALSE,1.73130689094606
"P0948",-0.218913759844771,-0.158006664266705,-0.175131007875816,0.091993335733295,-0.824999412656391,FALSE,-1.40904220571969
"P0949",0.187643431583486,1.23777430401579,0.150114745266789,1.48777430401579,12.5641595244481,TRUE,-1.66623540586032
"P0950",-2.10637901731316,2.34798965049126,-1.68510321385053,2.59798965049126,-6.52742020558144,FALSE,-1.50062203156582
"P0951",-0.608045916083965,-0.389729784788573,-0.486436732867172,-0.139729784788573,-6.39967133519785,FALSE,-0.61425096338783
"P0952",-0.293757814769977,-1.85920114852476,-0.235006251815981,-1.60920114852476,-18.1594422289755,FALSE,0.391957418217934
"P0953",-0.919855996847998,-1.06364645854833,-0.735884797478398,-0.813646458548334,-16.7758164842355,FALSE,-0.943163829799556
"P0954",-0.437592621420068,-1.61726938418305,-0.350074097136054,-1.36726938418305,-13.5329339697085,FALSE,-1.05998301498189
"P0955",-2.22728621682791,0.218115771855924,-1.78182897346233,0.468115771855924,-85.3123739630274,FALSE,0.00472748225947906
"P0956",-0.474872998370132,-1.05008002477443,-0.379898398696106,-0.800080024774433,-5.94533007170812,FALSE,-0.846020108007875
"P0957",-0.441084729008035,-0.644862603418536,-0.352867783206428,-0.394862603418536,-3.60818549732652,FALSE,0.36610946784576
"P0958",0.213971596181307,-0.0956228021263917,0.171177276945045,0.154377197873608,-0.776428157200566,FALSE,1.14364291166544
"P0959",-0.139303919748347,-1.00208194471559,-0.111443135798677,-0.75208194471559,-2.03692063132047,FALSE,-1.02618916063876
"P0960",1.74746489476035,0.864055887766334,1.39797191580828,1.11405588776633,-47.2360773938059,FALSE,1.83891759515138
"P0961",0.19584399938212,1.15967198279314,0.156675199505696,1.40967198279314,10.5422880584796,TRUE,-1.35445397617681
"P0962",-1.18832078374251,-1.86180340625964,-0.950656626994008,-1.61180340625964,-41.1504787758701,FALSE,-0.84633425977989
"P0963",-0.165435409904018,-1.40773008181738,-0.132348327923215,-1.15773008181738,-6.67993701094577,FALSE,0.34060804477749
"P0964",-1.94228740977809,1.79067628742043,-1.55382992782247,2.04067628742043,-31.1960205538423,FALSE,-1.45422349248012
"P0965",1.39329280009654,1.28860248649217,1.11463424007723,1.53860248649217,-18.9757362422051,FALSE,1.20509336934806
"P0966",-0.960715926076713,-0.865014919612816,-0.76857274086137,-0.615014919612816,-16.8795107831587,FALSE,0.82699082990269
"P0967",-1.72279977531155,-0.46439135496892,-1.37823982024924,-0.21439135496892,-51.327131896715,FALSE,-1.40143210709154
"P0968",0.225681581815714,0.618648699675057,0.180545265452571,0.868648699675057,1.74164945542168,TRUE,0.794557744376937
"P0969",1.69031977335743,-0.246888491298109,1.35225581868594,0.00311150870189089,-49.3720864570937,FALSE,1.21957113075666
"P0970",-0.866521513508055,0.60607207035284,-0.693217210806444,0.85607207035284,-10.4653309168128,FALSE,-1.45870919744728
"P0971",-0.394556650380234,1.65769099274656,-0.315645320304187,1.90769099274656,25.0804611345269,TRUE,-1.23908891127449
"P0972",1.56203560753719,-0.910653130477359,1.24962848602975,-0.660653130477359,-43.3158279568738,FALSE,0.344806083472978
"P0973",-1.23287975410139,-0.335544682752928,-0.986303803281111,-0.0855446827529283,-26.2679742211571,FALSE,-1.08254390539764
"P0974",-1.12852107431582,0.249424318254348,-0.902816859452657,0.499424318254348,-21.5088386637662,FALSE,-1.34179848821477
"P0975",2.05680189321144,0.85690094663394,1.64544151456915,1.10690094663394,-67.6770683182736,FALSE,1.77582620791477
"P0976",-0.197830955029791,1.99963398468114,-0.158264764023833,2.24963398468114,44.863979326947,TRUE,1.19682515144442
"P0977",-0.35182061952761,0.350615969928304,-0.281456495622088,0.600615969928304,-1.27221576821082,FALSE,1.08470452462135
"P0978",-0.143308920339824,2.12924485120518,-0.114647136271859,2.37924485120518,53.5188876285143,TRUE,1.02913106937151
"P0979",0.500194041226585,0.792146172324503,0.400155232981268,1.0421461723245,0.204015439928308,TRUE,1.20741356836027
"P0980",-0.695678820134864,-0.171163512819047,-0.556543056107891,0.0788364871809526,-8.36102474362499,FALSE,1.14616867088796
"P0981",-0.685790933698938,-1.17211706185775,-0.548632746959151,-0.922117061857753,-11.2632471505396,FALSE,-0.294966931112671
"P0982",-0.974903692656977,-0.584982211997768,-0.779922954125581,-0.334982211997768,-16.5739125342126,FALSE,-0.219477603296496
"P0983",2.2795539533672,-1.08562119306793,1.82364316269376,-0.835621193067927,-92.1271410941983,FALSE,0.153413994884247
"P0984",-0.669736883027167,-0.619349376302714,-0.535789506421734,-0.369349376302714,-7.95244570396455,FALSE,-0.897685901909522
"P0985",-0.371093203584495,-0.59253164923483,-0.296874562867596,-0.34253164923483,-2.54038578255495,FALSE,-0.87568125018946
"P0986",-0.319234116997246,2.19104637021643,-0.255387293597797,2.44104637021643,56.4209120168844,TRUE,-1.31487338716879
"P0987",0.33132183817875,-1.10381095980139,0.265057470543,-0.853810959801393,-4.38658687434732,FALSE,-0.783291082834401
"P0988",-0.63144075754573,-0.356676288498199,-0.505152606036584,-0.106676288498199,-6.89469302774767,FALSE,-0.254808818848962
"P0989",-0.497685684537969,2.12432344649909,-0.398148547630375,2.37432344649909,49.2600551473559,TRUE,1.01602615463111
"P0990",1.37022393559996,-1.38028681606894,1.09617914847997,-1.13028681606894,-38.2194195310294,FALSE,0.891930038967821
"P0991",0.0371996483138462,-0.645737615607948,0.0297597186510769,-0.395737615607948,-0.271815421295164,FALSE,-0.00628004712850568
"P0992",-1.44346693050277,-0.324969552845551,-1.15477354440222,-0.0749695528455512,-36.0062377946352,FALSE,-1.41606809747509
"P0993",0.24534465444783,0.944208959056733,0.196275723558264,1.19420895905673,5.77226064552368,TRUE,-0.154868984579439
"P0994",0.468728402874169,-0.211069702366408,0.374982722299335,0.0389302976335918,-3.79628912855675,FALSE,-0.0214631344539851
"P0995",0.0192856309245424,1.00608414797519,0.0154285047396339,1.25608414797519,7.92070688176821,TRUE,0.66008977207995
"P0996",0.495126991838644,-0.112104286604249,0.396101593470915,0.137895713395751,-4.22571627985884,FALSE,0.879053619537141
"P0997",-0.300508334904894,0.547245613900656,-0.240406667923915,0.797245613900656,0.466444181420045,TRUE,-0.13442923836206
"P0998",-0.17707619435177,-1.01918630451301,-0.141660955481416,-0.769186304513007,-2.36218014531485,FALSE,-1.3246034778392
"P0999",-0.162958991983962,0.247674242958007,-0.13036719358717,0.497674242958007,0.0341737940050438,TRUE,0.443686226111689
"P1000",-0.149805278663329,0.635017505678503,-0.119844222930663,0.885017505678503,2.38498981408898,TRUE,0.984125684015236
"P1001",1.08670053238491,0.274930578931485,0.869360425907931,0.524930578931485,-19.8276809334641,FALSE,0.673118275527372
"P1002",0.709453800719524,0.299425755258142,0.56756304057562,0.549425755258143,-8.03403306851497,FALSE,0.600398016035873
"P1003",-0.0535112650229287,0.877350076988798,-0.042809012018343,1.1273500769888,5.68159839404935,TRUE,1.65637828771673
"P1004",0.301072825554665,-0.835418425801112,0.240858260443732,-0.585418425801112,-2.3688690224406,FALSE,0.968174657620444
"P1005",-0.213826032899314,0.377853196093543,-0.171060826319451,0.627853196093543,0.199929234926948,TRUE,0.774863186244994
"P1006",-0.448597943199807,0.240136328392545,-0.358878354559846,0.490136328392545,-3.00644028237566,FALSE,-0.740528278820177
"P1007",-0.972217982974156,1.06740767090287,-0.777774386379325,1.31740767090287,-7.18741500772331,FALSE,-0.346358836103139
"P1008",-0.744949245695869,0.274502640341006,-0.595959396556695,0.524502640341006,-9.01235622244841,FALSE,-0.450394291531708
"P1009",0.213821674794529,0.125534853515786,0.171057339835623,0.375534853515786,-0.578195211587095,FALSE,1.09050335702921
"P1010",1.80716560748593,-2.15523686547757,1.44573248598874,-1.90523686547757,-84.0973322396625,FALSE,-0.225284057265286
"P1011",1.35059000188118,-0.095509456332051,1.08047200150495,0.154490543667949,-31.5055840370091,FALSE,1.17760069708246
"P1012",0.0238822726790212,0.492072591076221,0.019105818143217,0.742072591076221,1.62469771957342,TRUE,-1.60800042726253
"P1013",-0.14065121950747,0.000932573153218174,-0.112520975605976,0.250932573153218,-0.278644146498477,FALSE,0.674916316112603
"P1014",0.406424382591967,-0.989687190187454,0.325139506073574,-0.739687190187454,-4.4731651900089,FALSE,-0.87230997067785
"P1015",0.630901791945357,0.0670229991221098,0.504721433556286,0.31702299912211,-6.75063280034244,FALSE,-0.875471811924988
"P1016",1.08442018518548,0.30748855542429,0.86753614814838,0.55748855542429,-19.6276568914631,FALSE,1.3829621043325
"P1017",-0.770205961124853,-1.28751185592892,-0.616164768899882,-1.03751185592892,-14.7180326865049,FALSE,-1.05687847202065
"P1018",-1.3270097136164,-0.750676310903563,-1.06160777089312,-0.500676310903563,-30.9313302772846,FALSE,-0.315701836766337
"P1019",0.223719620679777,1.11552283035026,0.178975696543821,1.36552283035026,9.32003068628241,TRUE,1.50679472838334
"P1020",-2.36944973326648,0.418356109274791,-1.89555978661318,0.668356109274791,-95.8207480260947,FALSE,-1.10614892949124
"P1021",2.30975936031684,-1.22044959219839,1.84780748825347,-0.970449592198386,-95.844368477218,FALSE,0.763479091283833
"P1022",-0.385086054367993,0.125193645302825,-0.308068843494394,0.375193645302825,-2.35120868774246,FALSE,1.10333761252323
"P1023",2.10758220897052,-2.0018535065301,1.68606576717641,-1.7518535065301,-98.2617683592606,FALSE,0.780421244129755
"P1024",0.874010765110663,-0.980508693218905,0.69920861208853,-0.730508693218905,-14.7594257056442,FALSE,1.3964952203385
"P1025",0.505099232096479,-0.0103927986095326,0.404079385677183,0.239607201390467,-4.35353910637372,FALSE,-0.657734904068418
"P1026",0.828003608863516,-0.860927866221291,0.662402887090813,-0.610927866221291,-12.7590682038047,FALSE,0.55795028865553
"P1027",0.0781769851309295,-1.49418460771684,0.0625415881047436,-1.24418460771684,-7.80957704637563,FALSE,0.0905434118508812
"P1028",-0.267824081812104,-0.508239469659328,-0.214259265449683,-0.258239469659328,-1.30837539273613,FALSE,-0.79744641205481
"P1029",0.111811528888846,1.31106804267637,0.0894492231110768,1.56106804267637,15.0008442080381,TRUE,1.33323637267615
"P1030",-1.64902165861251,-0.109616426869986,-1.31921732689001,0.140383573130014,-46.9779611365028,FALSE,0.115292069738104
"P1031",-0.459176072474868,-0.217879152723451,-0.367340857979894,0.0321208472765492,-3.64322869783158,FALSE,-0.720464983972458
"P1032",0.390636741474145,-0.198117630649288,0.312509393179316,0.0518823693507119,-2.63631863853476,FALSE,-0.148875708303332
"P1033",0.415477825493532,-0.708445508400931,0.332382260394825,-0.458445508400931,-3.36831526835757,FALSE,0.982048734277869
"P1034",-0.661446981852522,0.277512748531225,-0.529157585482018,0.527512748531225,-6.9730460005446,FALSE,0.983880887679062
"P1035",0.393047837443612,1.14200063425401,0.31443826995489,1.39200063425401,8.11939940813063,TRUE,1.03720575622983
"P1036",1.17025276644893,-0.564560516276315,0.936202213159142,-0.314560516276315,-23.7893147024324,FALSE,1.17923029183549
"P1037",-1.29617158957542,-0.0614804085692706,-1.03693727166033,0.188519591430729,-29.0046507737766,FALSE,-1.05896342740621
"P1038",-0.643301829257799,0.646479795324733,-0.514641463406239,0.896479795324733,-4.26919030018524,FALSE,-0.249758946329141
"P1039",-0.375043113154826,-1.26693723383091,-0.300034490523861,-1.01693723383091,-6.63726745838431,FALSE,0.247332676746296
"P1040",0.417030979098789,0.268608570600756,0.333624783279031,0.518608570600756,-2.44731923226297,FALSE,1.81266638380584
"P1041",-0.557842507356813,1.23275445924364,-0.44627400588545,1.48275445924364,7.66237005496799,TRUE,-1.88407450950569
"P1042",1.02316259718933,1.63947465165461,0.818530077751461,1.88947465165461,8.89279291603557,TRUE,1.27709203508818
"P1043",-0.559863684251943,0.00237841685314605,-0.447890947401555,0.252378416853146,-5.35206928357749,FALSE,0.564024133497405
"P1044",-1.10503752150726,-0.267711141673491,-0.884030017205806,-0.0177111416734908,-21.1007671485095,FALSE,-1.39330564841359
"P1045",-1.11761299340197,-1.07253892546144,-0.894090394721578,-0.82253892546144,-23.809757693472,FALSE,-0.85921163704506
"P1046",-1.01918636604684,0.301016848728163,-0.815349092837472,0.551016848728163,-17.2802438767884,FALSE,-1.66060599587311
"P1047",0.831633560611546,-0.164777115384619,0.665306848489237,0.0852228846153814,-11.9486205966488,FALSE,1.55879984131317
"P1048",1.52606476337161,0.69225040128312,1.22085181069728,0.94225040128312,-36.8966822535937,FALSE,-0.0262462941801535
"P1049",-0.838587260895593,1.81249836181783,-0.670869808716474,2.06249836181783,22.9428528318094,TRUE,-1.9106255845672
"P1050",0.89683532160238,-0.131043081016008,0.717468257281904,0.118956918983992,-13.8918055877858,FALSE,0.568614802338794
"P1051",-0.194361386107507,-1.950958856392,-0.155489108886005,-1.700958856392,-20.3380471995933,FALSE,0.0338037517839873
"P1052",-0.345701090915428,0.168362382105008,-0.276560872732342,0.418362382105008,-1.7722207517084,FALSE,-0.283544779238581
"P1053",-1.24852032603691,1.53176606993612,-0.998816260829528,1.78176606993612,-4.30989388246672,FALSE,-0.813248507280437
"P1054",0.654198741043901,-0.104608119967595,0.523358992835121,0.145391880032405,-7.38313151651295,FALSE,-0.321607337582958
"P1055",-0.640293811993387,2.2056834457271,-0.51223504959471,2.4556834457271,52.1504408528876,TRUE,-1.88527446522243
"P1056",-0.572778093325923,-0.10394816305675,-0.458222474660739,0.14605183694325,-5.65666977149001,FALSE,0.469428374891049
"P1057",1.28106969441139,-1.43429096333621,1.02485575552912,-1.18429096333621,-35.0029775136379,FALSE,-0.703576359376359
"P1058",-0.914320561145217,-0.728989666686429,-0.731456448916173,-0.478989666686429,-14.8853509958327,FALSE,-0.343588189852587
"P1059",2.0673310008789,0.503230784356541,1.65386480070312,0.753230784356541,-72.1428551621229,FALSE,2.03054026638166
"P1060",0.476554767621125,0.449141919974593,0.3812438140969,0.699141919974593,-2.55740416439854,FALSE,0.613730158548043
"P1061",-0.00775444135864701,-0.439693221145408,-0.00620355308691761,-0.189693221145408,-0.0283423877773081,FALSE,1.41057621566644
"P1062",0.62547752799922,-0.170803607615369,0.500382022399376,0.0791963923846314,-6.75833164438012,FALSE,-0.0279030592459953
"P1063",-0.40895481077775,-0.28173618955834,-0.3271638486222,-0.0317361895583396,-2.89010482077152,FALSE,0.920432328031429
"P1064",-1.20883293210893,1.17359252376574,-0.967066345687143,1.42359252376574,-13.7105678713116,FALSE,-1.51233428970275
"P1065",0.518647803693272,0.157848541088186,0.414918242954617,0.407848541088186,-4.37687619426295,FALSE,-0.109083169846639
"P1066",-2.43286471291577,-1.31010486681446,-1.94629177033262,-1.06010486681446,-107.042872772261,FALSE,0.580733342446745
"P1067",-0.240816386319368,-1.19241434660056,-0.192653109055494,-0.942414346600564,-4.35011255964893,FALSE,-0.838068896744426
"P1068",1.35586369484947,0.178792859531461,1.08469095587958,0.428792859531461,-31.4516135749247,FALSE,-0.528013304319716
"P1069",1.70727036908164,0.216934189368053,1.36581629526532,0.466934189368053,-49.9600440697603,FALSE,0.951553655416463
"P1070",-1.06481870465148,0.837304882822837,-0.851854963721187,1.08730488282284,-14.450949633139,FALSE,-1.12601837941413
"P1071",-0.128817785420202,0.837254325907866,-0.103054228336161,1.08725432590787,4.85432420167208,TRUE,1.6909448046781
"P1072",0.952616163339244,1.03167928462168,0.762092930671395,1.28167928462168,-7.25954473125792,FALSE,-1.05141413941596
"P1073",0.748289136277906,-1.46296974863805,0.598631309022325,-1.21296974863805,-16.8142532621547,FALSE,-0.653366322514466
"P1074",2.24561187039082,-0.110727279750627,1.79648949631266,0.139272720249373,-87.1283059488901,FALSE,1.51792587497051
"P1075",-0.142071487845575,0.592518541253213,-0.11365719027646,0.842518541253213,2.04342015800302,TRUE,-0.862089402797387
"P1076",0.880570101601967,-1.00486763991624,0.704456081281574,-0.75486763991624,-15.1195462783076,FALSE,0.825244365845328
"P1077",-1.85846670574088,1.44607005070461,-1.48677336459271,1.69607005070461,-40.1673418334011,FALSE,-1.0882205718246
"P1078",1.40023421805726,0.0279884253435285,1.12018737444581,0.277988425343529,-33.7942042804123,FALSE,2.11344974635247
"P1079",0.710375064307067,-0.679078046441277,0.568300051445653,-0.429078046441277,-9.03604036107539,FALSE,-0.336803753144341
"P1080",-0.875640977383459,1.37471609523371,-0.700512781906767,1.62471609523371,3.90567758376541,TRUE,-1.4307171285206
"P1081",-0.712567383925325,0.337916373011997,-0.57005390714026,0.587916373011997,-7.96111636524713,FALSE,-1.53011586278703
"P1082",1.01110246657768,-0.582603865677924,0.808881973262142,-0.332603865677924,-17.8130089115955,FALSE,0.846310899176049
"P1083",1.04524282063153,-1.14857372143498,0.83619425650522,-0.898573721434984,-21.7811210653968,FALSE,0.386016710523671
"P1084",-0.731079360644272,-0.0841336993701423,-0.584863488515417,0.165866300629858,-9.21751009639708,FALSE,-0.29287725317031
"P1085",0.0254049808983155,1.02590391567248,0.0203239847186524,1.27590391567248,8.29718040142655,TRUE,0.57680198802663
"P1086",-1.82599184281236,0.431441844196431,-1.46079347424989,0.681441844196431,-56.350029028088,FALSE,-0.57419683740483
"P1087",0.68851957139941,-2.21550037643141,0.550815657119528,-1.96550037643141,-38.5641621756734,FALSE,-0.832878825567931
"P1088",1.03568676300446,0.62773469825867,0.828549410403571,0.87773469825867,-15.8304502408718,FALSE,1.86370533152814
"P1089",-1.14248543250556,-1.33632354695349,-0.913988346004449,-1.08632354695349,-27.6829934772152,FALSE,-0.351707476202695
"P1090",-0.3440554867186,0.567895055277375,-0.27524438937488,0.817895055277375,0.143025388888415,TRUE,-1.70083021358315
"P1091",0.134074451026391,-0.0038345298616499,0.107259560821113,0.24616547013835,-0.250956573527853,FALSE,-0.892794727481612
"P1092",0.385519229484745,-0.576569928232493,0.308415383587796,-0.326569928232493,-2.70755333025069,FALSE,1.19359526856704
"P1093",-0.00507633747595175,-1.69030519797253,-0.0040610699807614,-1.44030519797253,-11.9519772036767,FALSE,-0.88576767962961
"P1094",-2.27869358625643,1.42444005245548,-1.82295486900515,1.67444005245548,-70.9465985020768,FALSE,0.102408962874559
"P1095",0.567652917813489,-0.307308992037493,0.454122334250791,-0.0573089920374935,-5.56888443497066,FALSE,0.673786072527052
"P1096",1.0019952250772,0.2025036580166,0.801596180061764,0.4525036580166,-16.9784059684257,FALSE,1.83653691721384
"P1097",1.461177835812,0.990350093474979,1.1689422686496,1.24035009347498,-29.2605452720924,FALSE,1.3638564833348
"P1098",-1.63114524988575,-1.02568801375758,-1.3049161999086,-0.77568801375758,-47.8426705599013,FALSE,-0.685959067576484
"P1099",-0.0042026571151037,0.15894877594354,-0.00336212569208296,0.40894877594354,0.273263698133345,TRUE,0.0765284843838865
"P1100",0.38545157924417,0.400235794589726,0.308361263395336,0.650235794589726,-1.46764414429948,FALSE,1.58641593071874
"P1101",-0.941538764754909,0.629866148752816,-0.753231011803927,0.879866148752816,-12.5939935065503,FALSE,-1.6387705200414
"P1102",-1.23789732012602,-0.495794330409292,-0.990317856100817,-0.245794330409292,-26.5390938282505,FALSE,-1.69694275820918
"P1103",0.0756757137390394,-1.01979804769067,0.0605405709912316,-0.769798047690673,-1.92365486639811,FALSE,0.472028523734199
"P1104",0.960974414528032,-0.650993399993689,0.768779531622425,-0.400993399993689,-16.2155052112813,FALSE,-0.656878343376185
"P1105",-0.173701323861052,-0.50562005472309,-0.138961059088842,-0.25562005472309,-0.588185256589141,FALSE,-0.517235950974017
"P1106",0.199596584292948,0.278375107630311,0.159677267434359,0.528375107630311,-0.0983668150632457,FALSE,-0.819091996565116
"P1107",-1.44431866351877,-0.738484043049088,-1.15545493081501,-0.488484043049088,-36.5132963467831,FALSE,-0.805808323506367
"P1108",-0.562286761213431,-0.47155455321283,-0.449829408970745,-0.22155455321283,-5.50685670317558,FALSE,-1.003510338118
"P1109",-0.948363928147479,-0.313892437236231,-0.758691142517983,-0.0638924372362307,-15.5425740408072,FALSE,-1.22530978520884
"P1110",0.157127556195988,-0.578088145070115,0.12570204495679,-0.328088145070115,-0.567891145444992,FALSE,0.542110046270508
"P1111",1.35591063058572,-0.610051713728537,1.08472850446858,-0.360051713728537,-31.9558745037234,FALSE,1.27107010994127
"P1112",1.32446106877208,0.222699098665554,1.05956885501766,0.472699098665554,-29.8900383425834,FALSE,1.57308791538476
"P1113",0.263800374363071,0.634315241606363,0.211040299490457,0.884315241606363,1.56365942341271,TRUE,-1.31489047958384
"P1114",0.360344849121762,0.370355735142747,0.28827587929741,0.620355735142747,-1.28882665302689,FALSE,0.0508527153324634
"P1115",0.214517014446455,-0.311677459532794,0.171613611557164,-0.0616774595327944,-0.796121766254896,FALSE,0.829745217239862
"P1116",-0.322502125862688,-0.124051492652173,-0.25800170069015,0.125948507347827,-1.7892599960529,FALSE,0.51251943409932
"P1117",1.46710549295998,-0.548309751557925,1.17368439436799,-0.298309751557925,-37.2996313520896,FALSE,1.22751258993609
"P1118",-1.28822684337514,-0.987878371786905,-1.03058147470011,-0.737878371786905,-30.2836450419519,FALSE,0.0562694264002494
"P1119",-0.310686702727588,0.00581600102695507,-0.248549362182071,0.255816001026955,-1.6010089416109,FALSE,-0.320909959156191
"P1120",-0.399270368725861,-0.353554287051027,-0.319416294980689,-0.103554287051027,-2.75916463007661,FALSE,-0.987100250748072
"P1121",-0.341250443784926,-0.798717391257531,-0.273000355027941,-0.548717391257531,-2.67314321321237,FALSE,-1.49882325492199
"P1122",0.523325819087823,0.476819833120464,0.418660655270258,0.726819833120464,-3.19665216121523,FALSE,-1.66637954305413
"P1123",-1.78321958866079,0.752895993369051,-1.42657567092863,1.00289599336905,-50.9133372529958,FALSE,-0.910423338102033
"P1124",-1.46757796716,0.800403933648846,-1.174062373728,1.05040393364885,-32.5815602516192,FALSE,-2.00023425473502
"P1125",0.576385032276663,0.733459941947411,0.46110802582133,0.983459941947411,-1.93597242394891,FALSE,-0.00982609838711615
"P1126",-0.491944911713126,0.228564627165688,-0.393555929370501,0.478564627165688,-3.74351794099359,FALSE,-0.870545355558236
"P1127",-0.163308073750339,-0.60781977469771,-0.130646459000271,-0.35781977469771,-0.644103232499288,FALSE,0.517950234776309
"P1128",1.25289651852986,-0.808335875088768,1.00231721482389,-0.558335875088768,-27.8214947330473,FALSE,0.625878761034664
"P1129",-0.720220065042444,1.08161958345606,-0.576176052033955,1.33161958345606,0.481539695674556,TRUE,-1.24040366875458
"P1130",-1.23757358432909,-1.20893802517737,-0.990058867463274,-0.958938025177365,-29.9930595435495,FALSE,-1.37395819360373
"P1131",-1.73214193538174,-1.02926954590576,-1.38571354830539,-0.779269545905764,-53.7383351181837,FALSE,-0.463137971745026
"P1132",0.856932031624744,-0.642350743499477,0.685545625299795,-0.392350743499477,-12.9308582085802,FALSE,1.26019128864666
"P1133",0.320072667877773,0.100886698825111,0.256058134302219,0.350886698825111,-1.59746898759528,FALSE,0.100248008830298
"P1134",-0.689898676219299,0.353696359900222,-0.551918940975439,0.603696359900222,-7.34452511906673,FALSE,-0.95363916689385
"P1135",-2.42531164358698,-0.439911954418333,-1.94024931486958,-0.189911954418333,-101.670717780327,FALSE,-1.49452272270857
"P1136",-1.3221405790131,0.119468989426832,-1.05771246321048,0.369468989426832,-30.004661773243,FALSE,-1.24940822798483
"P1137",0.753558772506528,0.948485456355649,0.602847018005223,1.19848545635565,-2.92660052891991,FALSE,0.940350820454091
"P1138",-0.999298699321246,0.18845161059119,-0.799438959456997,0.43845161059119,-16.9186201215096,FALSE,-1.35493895877541
"P1139",0.386533342494735,1.71751451101463,0.309226673995788,1.96751451101463,27.8841160983347,TRUE,2.04275125558192
"P1140",0.771507172316881,1.35965711398073,0.617205737853505,1.60965711398073,6.39700181643975,TRUE,1.29350997055115
"P1141",0.159191591550412,-0.0697636364741975,0.127353273240329,0.180236363525802,-0.414489098669782,FALSE,-0.487337371745879
"P1142",-1.2469021723153,1.14014612976572,-0.997521737852243,1.39014612976572,-16.1204752681296,FALSE,-2.11778804611285
"P1143",-0.226851317012064,-0.209492049331838,-0.181481053609651,0.0405079506681619,-0.888989189096543,FALSE,-0.0319231346569773
"P1144",-0.633395848223096,-0.20649884589001,-0.506716678578477,0.0435011541099905,-6.93223911573222,FALSE,-0.713229855558056
"P1145",-1.18012725428763,1.39705001483699,-0.944101803430107,1.64705001483699,-6.19356562167632,FALSE,-1.68207654292655
"P1146",1.05276225762624,-1.07637581951827,0.842209806100993,-0.826375819518271,-21.4088869081402,FALSE,1.19824398608283
"P1147",-0.443816690545205,0.0248979394172426,-0.355053352436164,0.274897939417243,-3.3206029286654,FALSE,0.751056610900523
"P1148",-1.09946720770516,0.884314226008448,-0.87957376616413,1.13431422600845,-15.0506035437504,FALSE,1.0091606395358
"P1149",-1.0147849321256,0.112902690688271,-0.811827945700479,0.362902690688271,-17.6035698013117,FALSE,-0.726537374381802
"P1150",0.323230882220675,1.01486196143971,0.25858470577654,1.26486196143971,6.28910472451568,TRUE,-0.695159561540444
"P1151",0.944936888775162,-0.93900823927738,0.75594951102013,-0.68900823927738,-16.7377889195697,FALSE,0.795069270550847
"P1152",0.87073508590384,0.77252574846277,0.696588068723072,1.02252574846277,-8.82489969937825,FALSE,0.802506774620847
"P1153",0.887836372108787,-1.13770755087529,0.71026909768703,-0.887707550875291,-16.4191610517261,FALSE,-2.00842780513883
"P1154",-0.506616511524401,0.747002804562225,-0.405293209219521,0.997002804562225,-0.470948461650154,FALSE,1.18866446865358
"P1155",-0.252888320894935,1.0088842744892,-0.202310656715948,1.2588842744892,6.87516765746293,TRUE,-0.884774198199776
"P1156",-0.245219032966679,-0.797054106378073,-0.196175226373343,-0.547054106378073,-1.69395100555114,FALSE,-0.600594738188605
"P1157",-1.15037986002205,1.34140612338533,-0.920303888017641,1.59140612338533,-6.74648806797307,FALSE,-1.15334026484789
"P1158",0.590647425503008,-0.74061922990129,0.472517940402406,-0.49061922990129,-6.50075888885947,FALSE,-0.00251846649743044
"P1159",0.500185152753087,-0.943438968695852,0.40014812220247,-0.693438968695852,-5.65698163406258,FALSE,-0.0707894874704299
"P1160",-0.0638812130262734,0.105738121752999,-0.0511049704210187,0.355738121752999,0.109557698037906,TRUE,1.50833167851358
"P1161",1.80000829512416,-0.515668058428468,1.44000663609933,-0.265668058428468,-56.0627189175437,FALSE,0.870888408767015
"P1162",-1.90309806476446,-0.353432139547156,-1.52247845181157,-0.103432139547156,-62.5888233321853,FALSE,0.147852567356178
"P1163",0.364870513706286,1.09027049109897,0.291896410965029,1.34027049109897,7.32975060456197,TRUE,-1.78583943622922
"P1164",-0.518556944504623,-0.631538003507009,-0.414845555603699,-0.381538003507009,-4.8687783986149,FALSE,0.450632313148886
"P1165",0.560441844246279,-0.444473751261296,0.448353475397023,-0.194473751261296,-5.45698267046778,FALSE,0.150981894394276
"P1166",0.785004796273115,0.73346733184944,0.628003837018492,0.98346733184944,-6.84362826521951,FALSE,1.14857907417608
"P1167",-1.42402553879438,-1.07193589053159,-1.1392204310355,-0.821935890531594,-37.2623553628308,FALSE,0.201701028506951
"P1168",-1.41178847870266,-0.601415584382792,-1.12943078296213,-0.351415584382792,-34.6151644612479,FALSE,-1.17097066167778
"P1169",0.778615377608879,-0.50148609635958,0.622892302087103,-0.25148609635958,-10.5394813508279,FALSE,-0.13889782212458
"P1170",0.154089850242561,-1.92001109520475,0.123271880194048,-1.67001109520475,-19.0405141475228,FALSE,-0.202886605960444
"P1171",-0.701900564354398,0.546187710218715,-0.561520451483518,0.796187710218715,-6.49437995575719,FALSE,-0.93751505124305
"P1172",1.00804909782225,1.24047913751809,0.806439278257798,1.49047913751809,-4.3147314533099,FALSE,1.76800731992341
"P1173",-0.0719071039553825,2.34393647378331,-0.057525683164306,2.59393647378331,69.7239244576575,TRUE,1.64120122110274
"P1174",-1.09739756883921,-1.10257275485012,-0.877918055071372,-0.852572754850125,-23.2888563755043,FALSE,-1.41152383594052
"P1175",0.59640183389413,0.629049522602931,0.477121467115304,0.879049522602931,-3.42934720813027,FALSE,-0.163234516063919
"P1176",-0.533750159909832,-1.54434986531683,-0.427000127927866,-1.29434986531683,-13.5967985116287,FALSE,0.884166590389761
"P1177",0.0855348284187081,-1.76358457062754,0.0684278627349665,-1.51358457062754,-13.9965392193838,FALSE,-0.744155389441878
"P1178",-1.08642220960311,-0.00336866913298841,-0.869137767682488,0.246631330867012,-20.3358050096909,FALSE,-1.92006183280131
"P1179",0.399304011995069,-0.517496927649723,0.319443209596055,-0.267496927649723,-2.83174958161971,FALSE,-0.346015571724008
"P1180",2.39744876265057,-0.806342076331946,1.91795901012045,-0.556342076331946,-100.01009086376,FALSE,1.26782763706438
"P1181",0.514094751050148,-1.07686586342973,0.411275800840118,-0.826865863429728,-6.82832660949504,FALSE,1.63495906206255
"P1182",-0.875016748528396,-0.906512712991246,-0.700013398822717,-0.656512712991246,-14.3623578805276,FALSE,-1.68130433280146
"P1183",-0.72982030215166,-0.249020892912258,-0.583856241721328,0.000979107087742126,-9.20397899316325,FALSE,-0.582620293745415
"P1184",0.71207490524122,0.0940610153104489,0.569659924192976,0.344061015310449,-8.59891859418954,FALSE,0.324036065495819
"P1185",0.711829653939711,0.497587107008645,0.569463723151769,0.747587107008646,-7.08453584902893,FALSE,-0.825238139718402
"P1186",0.463370396383716,1.50122520491088,0.370696317106973,1.75122520491088,17.77233230455,TRUE,1.6267715785617
"P1187",0.182355143444424,0.249713723120178,0.145884114755539,0.499713723120178,-0.075477062332797,FALSE,0.851929641833874
"P1188",0.0577978061814732,-1.49266106060456,0.0462382449451786,-1.24266106060456,-7.73342653868679,FALSE,0.437841485092528
"P1189",-0.101963134365135,0.363307625029337,-0.0815705074921081,0.613307625029337,0.743122247935706,TRUE,1.42223066575735
"P1190",-0.814086008230613,1.12493672455747,-0.65126880658449,1.37493672455747,-1.05507657315058,FALSE,1.76232357783886
"P1191",-1.01671535232788,-1.39207379681797,-0.813372281862303,-1.14207379681797,-23.8210868048239,FALSE,-0.677967367819422
"P1192",-0.166068393742141,0.838693775962884,-0.132854714993713,1.08869377596288,4.68495507812332,TRUE,-1.16589245808008
"P1193",-0.721515280307347,-0.262548789580896,-0.577212224245877,-0.0125487895808963,-8.99570460344757,FALSE,-1.06307912883599
"P1194",-0.416583473322642,1.72347416857247,-0.333266778658114,1.97347416857247,27.7447701732318,TRUE,-0.910886248654107
"P1195",0.272575658151158,0.765445188666091,0.218060526520926,1.01544518866609,2.90435903114757,TRUE,-1.50464069441307
"P1196",0.99846894244135,1.09126661885933,0.79877515395308,1.34126661885933,-7.57539326193145,FALSE,1.47987981374298
"P1197",0.941544233593656,-0.79214393681416,0.753235386874925,-0.54214393681416,-15.9562036853085,FALSE,-0.199151279970211
"P1198",1.51442694327933,-0.0690790265397432,1.21154155462347,0.180920973460257,-39.6078014319441,FALSE,1.31207882504491
"P1199",0.358103799499243,1.16549191298996,0.286483039599394,1.41549191298996,9.12845829169624,TRUE,-0.428790252156107
"P1200",0.665296181202698,-1.39935085122638,0.532236944962158,-1.14935085122638,-13.7216602938391,FALSE,0.122693191819372
