"profile","resources_z","stress_z","alpha","beta","canonical_state","density"
1,0,-1,-0.0444931050296396,-0.575878500129813,-4,8.87715044448854e-31
1,0,-1,-0.0444931050296396,-0.575878500129813,-3.99,1.71782838997317e-30
1,0,-1,-0.0444931050296396,-0.575878500129813,-3.98,3.30816190300399e-30
1,0,-1,-0.0444931050296396,-0.575878500129813,-3.97,6.34022841663544e-30
1,0,-1,-0.0444931050296396,-0.575878500129813,-3.96,1.20932930996259e-29
1,0,-1,-0.0444931050296396,-0.575878500129813,-3.95,2.29570516504817e-29
1,0,-1,-0.0444931050296396,-0.575878500129813,-3.94,4.33740332159924e-29
1,0,-1,-0.0444931050296396,-0.575878500129813,-3.93,8.15635176586389e-29
1,0,-1,-0.0444931050296396,-0.575878500129813,-3.92,1.5265983370594e-28
1,0,-1,-0.0444931050296396,-0.575878500129813,-3.91,2.843980060389e-28
1,0,-1,-0.0444931050296396,-0.575878500129813,-3.9,5.27365160974975e-28
1,0,-1,-0.0444931050296396,-0.575878500129813,-3.89,9.73396155369334e-28
1,0,-1,-0.0444931050296396,-0.575878500129813,-3.88,1.78842720985277e-27
1,0,-1,-0.0444931050296396,-0.575878500129813,-3.87,3.27089411836486e-27
1,0,-1,-0.0444931050296396,-0.575878500129813,-3.86,5.95504949160853e-27
1,0,-1,-0.0444931050296396,-0.575878500129813,-3.85,1.07928963930142e-26
1,0,-1,-0.0444931050296396,-0.575878500129813,-3.84,1.9473070208005e-26
1,0,-1,-0.0444931050296396,-0.575878500129813,-3.83,3.49771693039883e-26
1,0,-1,-0.0444931050296396,-0.575878500129813,-3.82,6.25458774786179e-26
1,0,-1,-0.0444931050296396,-0.575878500129813,-3.81,1.11349042912021e-25
1,0,-1,-0.0444931050296396,-0.575878500129813,-3.8,1.97359481834584e-25
1,0,-1,-0.0444931050296396,-0.575878500129813,-3.79,3.48275663350109e-25
1,0,-1,-0.0444931050296396,-0.575878500129813,-3.78,6.11915949060076e-25
1,0,-1,-0.0444931050296396,-0.575878500129813,-3.77,1.07046825665936e-24
1,0,-1,-0.0444931050296396,-0.575878500129813,-3.76,1.8645714343418e-24
1,0,-1,-0.0444931050296396,-0.575878500129813,-3.75,3.23383072311023e-24
1,0,-1,-0.0444931050296396,-0.575878500129813,-3.74,5.58468069043074e-24
1,0,-1,-0.0444931050296396,-0.575878500129813,-3.73,9.60355388775625e-24
1,0,-1,-0.0444931050296396,-0.575878500129813,-3.72,1.64447739247014e-23
1,0,-1,-0.0444931050296396,-0.575878500129813,-3.71,2.80411514232028e-23
1,0,-1,-0.0444931050296396,-0.575878500129813,-3.7,4.76151836586352e-23
1,0,-1,-0.0444931050296396,-0.575878500129813,-3.69,8.051678498559e-23
1,0,-1,-0.0444931050296396,-0.575878500129813,-3.68,1.3559021688079e-22
1,0,-1,-0.0444931050296396,-0.575878500129813,-3.67,2.27394971336505e-22
1,0,-1,-0.0444931050296396,-0.575878500129813,-3.66,3.79798726698896e-22
1,0,-1,-0.0444931050296396,-0.575878500129813,-3.65,6.31765418158611e-22
1,0,-1,-0.0444931050296396,-0.575878500129813,-3.64,1.04664021144427e-21
1,0,-1,-0.0444931050296396,-0.575878500129813,-3.63,1.72698156611302e-21
1,0,-1,-0.0444931050296396,-0.575878500129813,-3.62,2.83815545148837e-21
1,0,-1,-0.0444931050296396,-0.575878500129813,-3.61,4.64571210620755e-21
1,0,-1,-0.0444931050296396,-0.575878500129813,-3.6,7.57435165671681e-21
1,0,-1,-0.0444931050296396,-0.575878500129813,-3.59,1.23005657393462e-20
1,0,-1,-0.0444931050296396,-0.575878500129813,-3.58,1.98975922524041e-20
1,0,-1,-0.0444931050296396,-0.575878500129813,-3.57,3.20612999861537e-20
1,0,-1,-0.0444931050296396,-0.575878500129813,-3.56,5.14607609973342e-20
1,0,-1,-0.0444931050296396,-0.575878500129813,-3.55,8.22801445843548e-20
1,0,-1,-0.0444931050296396,-0.575878500129813,-3.54,1.31052984896501e-19
1,0,-1,-0.0444931050296396,-0.575878500129813,-3.53,2.07941443350974e-19
1,0,-1,-0.0444931050296396,-0.575878500129813,-3.52,3.2869013442282e-19
1,0,-1,-0.0444931050296396,-0.575878500129813,-3.51,5.1759842589655e-19
1,0,-1,-0.0444931050296396,-0.575878500129813,-3.5,8.12024339854884e-19
1,0,-1,-0.0444931050296396,-0.575878500129813,-3.49,1.26918258063303e-18
1,0,-1,-0.0444931050296396,-0.575878500129813,-3.48,1.97636530487932e-18
1,0,-1,-0.0444931050296396,-0.575878500129813,-3.47,3.06624945073707e-18
1,0,-1,-0.0444931050296396,-0.575878500129813,-3.46,4.7397337295938e-18
1,0,-1,-0.0444931050296396,-0.575878500129813,-3.45,7.2998785247238e-18
1,0,-1,-0.0444931050296396,-0.575878500129813,-3.44,1.12021543596795e-17
1,0,-1,-0.0444931050296396,-0.575878500129813,-3.43,1.71285531574879e-17
1,0,-1,-0.0444931050296396,-0.575878500129813,-3.42,2.60964820099916e-17
1,0,-1,-0.0444931050296396,-0.575878500129813,-3.41,3.96181629548436e-17
1,0,-1,-0.0444931050296396,-0.575878500129813,-3.4,5.99330920777864e-17
1,0,-1,-0.0444931050296396,-0.575878500129813,-3.39,9.03457836855777e-17
1,0,-1,-0.0444931050296396,-0.575878500129813,-3.38,1.35714670143432e-16
1,0,-1,-0.0444931050296396,-0.575878500129813,-3.37,2.03157202113378e-16
1,0,-1,-0.0444931050296396,-0.575878500129813,-3.36,3.03063034031043e-16
1,0,-1,-0.0444931050296396,-0.575878500129813,-3.35,4.50544606240177e-16
1,0,-1,-0.0444931050296396,-0.575878500129813,-3.34,6.67506424126289e-16
1,0,-1,-0.0444931050296396,-0.575878500129813,-3.33,9.85586276637705e-16
1,0,-1,-0.0444931050296396,-0.575878500129813,-3.32,1.45032081170658e-15
1,0,-1,-0.0444931050296396,-0.575878500129813,-3.31,2.12702408612303e-15
1,0,-1,-0.0444931050296396,-0.575878500129813,-3.3,3.10905405026269e-15
1,0,-1,-0.0444931050296396,-0.575878500129813,-3.29,4.52939591746668e-15
1,0,-1,-0.0444931050296396,-0.575878500129813,-3.28,6.57683626703093e-15
1,0,-1,-0.0444931050296396,-0.575878500129813,-3.27,9.51846833385398e-15
1,0,-1,-0.0444931050296396,-0.575878500129813,-3.26,1.37308978513171e-14
1,0,-1,-0.0444931050296396,-0.575878500129813,-3.25,1.97433633638596e-14
1,0,-1,-0.0444931050296396,-0.575878500129813,-3.24,2.82971148713957e-14
1,0,-1,-0.0444931050296396,-0.575878500129813,-3.23,4.04269009054304e-14
1,0,-1,-0.0444931050296396,-0.575878500129813,-3.22,5.7572414638049e-14
1,0,-1,-0.0444931050296396,-0.575878500129813,-3.21,8.1730196900358e-14
1,0,-1,-0.0444931050296396,-0.575878500129813,-3.2,1.15659984424113e-13
1,0,-1,-0.0444931050296396,-0.575878500129813,-3.19,1.63164077115856e-13
1,0,-1,-0.0444931050296396,-0.575878500129813,-3.18,2.29464300556026e-13
1,0,-1,-0.0444931050296396,-0.575878500129813,-3.17,3.21708968751709e-13
1,0,-1,-0.0444931050296396,-0.575878500129813,-3.16,4.49652426639565e-13
1,0,-1,-0.0444931050296396,-0.575878500129813,-3.15,6.26562927484697e-13
1,0,-1,-0.0444931050296396,-0.575878500129813,-3.14,8.704316016483e-13
1,0,-1,-0.0444931050296396,-0.575878500129813,-3.13,1.20557713311927e-12
1,0,-1,-0.0444931050296396,-0.575878500129813,-3.12,1.66476876766521e-12
1,0,-1,-0.0444931050296396,-0.575878500129813,-3.11,2.29202603356635e-12
1,0,-1,-0.0444931050296396,-0.575878500129813,-3.1,3.14629904616877e-12
1,0,-1,-0.0444931050296396,-0.575878500129813,-3.09,4.3062909369795e-12
1,0,-1,-0.0444931050296396,-0.575878500129813,-3.08,5.87675680121491e-12
1,0,-1,-0.0444931050296396,-0.575878500129813,-3.07,7.99670527041943e-12
1,0,-1,-0.0444931050296396,-0.575878500129813,-3.06,1.08500438682076e-11
1,0,-1,-0.0444931050296396,-0.575878500129813,-3.05,1.46793531337894e-11
1,0,-1,-0.0444931050296396,-0.575878500129813,-3.04,1.9803653671453e-11
1,0,-1,-0.0444931050296396,-0.575878500129813,-3.03,2.66412527167074e-11
1,0,-1,-0.0444931050296396,-0.575878500129813,-3.02,3.57390319885755e-11
1,0,-1,-0.0444931050296396,-0.575878500129813,-3.01,4.78098778521215e-11
1,0,-1,-0.0444931050296396,-0.575878500129813,-3,6.37803716197795e-11
1,0,-1,-0.0444931050296396,-0.575878500129813,-2.99,8.48513681325351e-11
1,0,-1,-0.0444931050296396,-0.575878500129813,-2.98,1.12574713403825e-10
1,0,-1,-0.0444931050296396,-0.575878500129813,-2.97,1.4895010918476e-10
1,0,-1,-0.0444931050296396,-0.575878500129813,-2.96,1.96547049668922e-10
1,0,-1,-0.0444931050296396,-0.575878500129813,-2.95,2.58657863298392e-10
1,0,-1,-0.0444931050296396,-0.575878500129813,-2.94,3.39489225654851e-10
1,0,-1,-0.0444931050296396,-0.575878500129813,-2.93,4.44401107996034e-10
1,0,-1,-0.0444931050296396,-0.575878500129813,-2.92,5.80204036403914e-10
1,0,-1,-0.0444931050296396,-0.575878500129813,-2.91,7.55527811673384e-10
1,0,-1,-0.0444931050296396,-0.575878500129813,-2.9,9.81277540238856e-10
1,0,-1,-0.0444931050296396,-0.575878500129813,-2.89,1.27119601987163e-09
1,0,-1,-0.0444931050296396,-0.575878500129813,-2.88,1.64255528754021e-09
1,0,-1,-0.0444931050296396,-0.575878500129813,-2.87,2.11700455703518e-09
1,0,-1,-0.0444931050296396,-0.575878500129813,-2.86,2.72160694705724e-09
1,0,-1,-0.0444931050296396,-0.575878500129813,-2.85,3.49010343338512e-09
1,0,-1,-0.0444931050296396,-0.575878500129813,-2.84,4.46444946951918e-09
1,0,-1,-0.0444931050296396,-0.575878500129813,-2.83,5.69667783838583e-09
1,0,-1,-0.0444931050296396,-0.575878500129813,-2.82,7.25115066461213e-09
1,0,-1,-0.0444931050296396,-0.575878500129813,-2.81,9.20727428573518e-09
1,0,-1,-0.0444931050296396,-0.575878500129813,-2.8,1.16627630164431e-08
1,0,-1,-0.0444931050296396,-0.575878500129813,-2.79,1.47375519189032e-08
1,0,-1,-0.0444931050296396,-0.575878500129813,-2.78,1.85784747014866e-08
1,0,-1,-0.0444931050296396,-0.575878500129813,-2.77,2.33648410045824e-08
1,0,-1,-0.0444931050296396,-0.575878500129813,-2.76,2.93150678009006e-08
1,0,-1,-0.0444931050296396,-0.575878500129813,-2.75,3.66945426504837e-08
1,0,-1,-0.0444931050296396,-0.575878500129813,-2.74,4.58249223236726e-08
1,0,-1,-0.0444931050296396,-0.575878500129813,-2.73,5.70950990561744e-08
1,0,-1,-0.0444931050296396,-0.575878500129813,-2.72,7.09740986450395e-08
1,0,-1,-0.0444931050296396,-0.575878500129813,-2.71,8.80262099430588e-08
1,0,-1,-0.0444931050296396,-0.575878500129813,-2.7,1.08928684261919e-07
1,0,-1,-0.0444931050296396,-0.575878500129813,-2.69,1.34492385936382e-07
1,0,-1,-0.0444931050296396,-0.575878500129813,-2.68,1.65685821996743e-07
1,0,-1,-0.0444931050296396,-0.575878500129813,-2.67,2.03663029681708e-07
1,0,-1,-0.0444931050296396,-0.575878500129813,-2.66,2.49795855501188e-07
1,0,-1,-0.0444931050296396,-0.575878500129813,-2.65,3.05711218789631e-07
1,0,-1,-0.0444931050296396,-0.575878500129813,-2.64,3.73334016187073e-07
1,0,-1,-0.0444931050296396,-0.575878500129813,-2.63,4.5493639120107e-07
1,0,-1,-0.0444931050296396,-0.575878500129813,-2.62,5.53194164826001e-07
1,0,-1,-0.0444931050296396,-0.575878500129813,-2.61,6.71251298939232e-07
1,0,-1,-0.0444931050296396,-0.575878500129813,-2.6,8.12793343585461e-07
1,0,-1,-0.0444931050296396,-0.575878500129813,-2.59,9.82130901937221e-07
1,0,-1,-0.0444931050296396,-0.575878500129813,-2.58,1.18429423221601e-06
1,0,-1,-0.0444931050296396,-0.575878500129813,-2.57,1.42514019360166e-06
1,0,-1,-0.0444931050296396,-0.575878500129813,-2.56,1.71147283245724e-06
1,0,-1,-0.0444931050296396,-0.575878500129813,-2.55,2.05117899524145e-06
1,0,-1,-0.0444931050296396,-0.575878500129813,-2.54,2.45338044433045e-06
1,0,-1,-0.0444931050296396,-0.575878500129813,-2.53,2.92860404155677e-06
1,0,-1,-0.0444931050296396,-0.575878500129813,-2.52,3.48897165039125e-06
1,0,-1,-0.0444931050296396,-0.575878500129813,-2.51,4.14841149000903e-06
1,0,-1,-0.0444931050296396,-0.575878500129813,-2.5,4.92289275152698e-06
1,0,-1,-0.0444931050296396,-0.575878500129813,-2.49,5.830685356885e-06
1,0,-1,-0.0444931050296396,-0.575878500129813,-2.48,6.89264680245569e-06
1,0,-1,-0.0444931050296396,-0.575878500129813,-2.47,8.13253808068884e-06
1,0,-1,-0.0444931050296396,-0.575878500129813,-2.46,9.57737071200989e-06
1,0,-1,-0.0444931050296396,-0.575878500129813,-2.45,1.12577869438035e-05
1,0,-1,-0.0444931050296396,-0.575878500129813,-2.44,1.32084751815621e-05
1,0,-1,-0.0444931050296396,-0.575878500129813,-2.43,1.54686227070763e-05
1,0,-1,-0.0444931050296396,-0.575878500129813,-2.42,1.80824077077733e-05
1,0,-1,-0.0444931050296396,-0.575878500129813,-2.41,2.10995325878762e-05
1,0,-1,-0.0444931050296396,-0.575878500129813,-2.4,2.45758004539104e-05
1,0,-1,-0.0444931050296396,-0.575878500129813,-2.39,2.85737365622492e-05
1,0,-1,-0.0444931050296396,-0.575878500129813,-2.38,3.31632563830009e-05
1,0,-1,-0.0444931050296396,-0.575878500129813,-2.37,3.8422381770891e-05
1,0,-1,-0.0444931050296396,-0.575878500129813,-2.36,4.44380065383436e-05
1,0,-1,-0.0444931050296396,-0.575878500129813,-2.35,5.13067124974333e-05
1,0,-1,-0.0444931050296396,-0.575878500129813,-2.34,5.91356367747103e-05
1,0,-1,-0.0444931050296396,-0.575878500129813,-2.33,6.80433909053771e-05
1,0,-1,-0.0444931050296396,-0.575878500129813,-2.32,7.81610318805036e-05
1,0,-1,-0.0444931050296396,-0.575878500129813,-2.31,8.96330849529223e-05
1,0,-1,-0.0444931050296396,-0.575878500129813,-2.3,0.000102618617604501
1,0,-1,-0.0444931050296396,-0.575878500129813,-2.29,0.000117292363640511
1,0,-1,-0.0444931050296396,-0.575878500129813,-2.28,0.00013384589590706
1,0,-1,-0.0444931050296396,-0.575878500129813,-2.27,0.000152488845626822
1,0,-1,-0.0444931050296396,-0.575878500129813,-2.26,0.000173450165818898
1,0,-1,-0.0444931050296396,-0.575878500129813,-2.25,0.000196979435713265
1,0,-1,-0.0444931050296396,-0.575878500129813,-2.24,0.000223348202492339
1,0,-1,-0.0444931050296396,-0.575878500129813,-2.23,0.000252851356095377
1,0,-1,-0.0444931050296396,-0.575878500129813,-2.22,0.000285808532210215
1,0,-1,-0.0444931050296396,-0.575878500129813,-2.21,0.000322565537955799
1,0,-1,-0.0444931050296396,-0.575878500129813,-2.2,0.000363495794133528
1,0,-1,-0.0444931050296396,-0.575878500129813,-2.19,0.000409001787301048
1,0,-1,-0.0444931050296396,-0.575878500129813,-2.18,0.000459516524305053
1,0,-1,-0.0444931050296396,-0.575878500129813,-2.17,0.00051550498130599
1,0,-1,-0.0444931050296396,-0.575878500129813,-2.16,0.000577465538744101
1,0,-1,-0.0444931050296396,-0.575878500129813,-2.15,0.000645931393139676
1,0,-1,-0.0444931050296396,-0.575878500129813,-2.14,0.000721471936097766
1,0,-1,-0.0444931050296396,-0.575878500129813,-2.13,0.00080469409040583
1,0,-1,-0.0444931050296396,-0.575878500129813,-2.12,0.000896243592678902
1,0,-1,-0.0444931050296396,-0.575878500129813,-2.11,0.000996806211627631
1,0,-1,-0.0444931050296396,-0.575878500129813,-2.1,0.0011071088907068
1,0,-1,-0.0444931050296396,-0.575878500129813,-2.09,0.00122792080365196
1,0,-1,-0.0444931050296396,-0.575878500129813,-2.08,0.00136005431123547
1,0,-1,-0.0444931050296396,-0.575878500129813,-2.07,0.00150436580747658
1,0,-1,-0.0444931050296396,-0.575878500129813,-2.06,0.00166175644352752
1,0,-1,-0.0444931050296396,-0.575878500129813,-2.05,0.00183317271753413
1,0,-1,-0.0444931050296396,-0.575878500129813,-2.04,0.00201960691893817
1,0,-1,-0.0444931050296396,-0.575878500129813,-2.03,0.00222209741595295
1,0,-1,-0.0444931050296396,-0.575878500129813,-2.02,0.00244172877530562
1,0,-1,-0.0444931050296396,-0.575878500129813,-2.01,0.00267963170380017
1,0,-1,-0.0444931050296396,-0.575878500129813,-2,0.00293698280181507
1,0,-1,-0.0444931050296396,-0.575878500129813,-1.99,0.00321500411950779
1,0,-1,-0.0444931050296396,-0.575878500129813,-1.98,0.00351496250725321
1,0,-1,-0.0444931050296396,-0.575878500129813,-1.97,0.00383816875269312
1,0,-1,-0.0444931050296396,-0.575878500129813,-1.96,0.00418597649771313
1,0,-1,-0.0444931050296396,-0.575878500129813,-1.95,0.00455978092969046
1,0,-1,-0.0444931050296396,-0.575878500129813,-1.94,0.00496101724246184
1,0,-1,-0.0444931050296396,-0.575878500129813,-1.93,0.00539115886364195
1,0,-1,-0.0444931050296396,-0.575878500129813,-1.92,0.0058517154461706
1,0,-1,-0.0444931050296396,-0.575878500129813,-1.91,0.0063442306232718
1,0,-1,-0.0444931050296396,-0.575878500129813,-1.9,0.00687027952736516
1,0,-1,-0.0444931050296396,-0.575878500129813,-1.89,0.00743146607486429
1,0,-1,-0.0444931050296396,-0.575878500129813,-1.88,0.00802942002022398
1,0,-1,-0.0444931050296396,-0.575878500129813,-1.87,0.00866579378404235
1,0,-1,-0.0444931050296396,-0.575878500129813,-1.86,0.00934225906147806
1,0,-1,-0.0444931050296396,-0.575878500129813,-1.85,0.0100605032186929
1,0,-1,-0.0444931050296396,-0.575878500129813,-1.84,0.0108222254864672
1,0,-1,-0.0444931050296396,-0.575878500129813,-1.83,0.0116291329615443
1,0,-1,-0.0444931050296396,-0.575878500129813,-1.82,0.0124829364276351
1,0,-1,-0.0444931050296396,-0.575878500129813,-1.81,0.0133853460093377
1,0,-1,-0.0444931050296396,-0.575878500129813,-1.8,0.0143380666734909
1,0,-1,-0.0444931050296396,-0.575878500129813,-1.79,0.0153427935936777
1,0,-1,-0.0444931050296396,-0.575878500129813,-1.78,0.0164012073947093
1,0,-1,-0.0444931050296396,-0.575878500129813,-1.77,0.0175149692949425
1,0,-1,-0.0444931050296396,-0.575878500129813,-1.76,0.0186857161652178
1,0,-1,-0.0444931050296396,-0.575878500129813,-1.75,0.0199150555240175
1,0,-1,-0.0444931050296396,-0.575878500129813,-1.74,0.0212045604891608
1,0,-1,-0.0444931050296396,-0.575878500129813,-1.73,0.0225557647069328
1,0,-1,-0.0444931050296396,-0.575878500129813,-1.72,0.0239701572800158
1,0,-1,-0.0444931050296396,-0.575878500129813,-1.71,0.0254491777159221
1,0,-1,-0.0444931050296396,-0.575878500129813,-1.7,0.0269942109178339
1,0,-1,-0.0444931050296396,-0.575878500129813,-1.69,0.028606582239826
1,0,-1,-0.0444931050296396,-0.575878500129813,-1.68,0.0302875526283833
1,0,-1,-0.0444931050296396,-0.575878500129813,-1.67,0.0320383138719254
1,0,-1,-0.0444931050296396,-0.575878500129813,-1.66,0.0338599839797228
1,0,-1,-0.0444931050296396,-0.575878500129813,-1.65,0.0357536027111252
1,0,-1,-0.0444931050296396,-0.575878500129813,-1.64,0.0377201272754346
1,0,-1,-0.0444931050296396,-0.575878500129813,-1.63,0.0397604282220468
1,0,-1,-0.0444931050296396,-0.575878500129813,-1.62,0.041875285539654
1,0,-1,-0.0444931050296396,-0.575878500129813,-1.61,0.0440653849823653
1,0,-1,-0.0444931050296396,-0.575878500129813,-1.6,0.0463313146395558
1,0,-1,-0.0444931050296396,-0.575878500129813,-1.59,0.04867356176512
1,0,-1,-0.0444931050296396,-0.575878500129813,-1.58,0.0510925098805731
1,0,-1,-0.0444931050296396,-0.575878500129813,-1.57,0.0535884361651455
1,0,-1,-0.0444931050296396,-0.575878500129813,-1.56,0.056161509144633
1,0,-1,-0.0444931050296396,-0.575878500129813,-1.55,0.0588117866893399
1,0,-1,-0.0444931050296396,-0.575878500129813,-1.54,0.0615392143299606
1,0,-1,-0.0444931050296396,-0.575878500129813,-1.53,0.0643436238987316
1,0,-1,-0.0444931050296396,-0.575878500129813,-1.52,0.0672247325016276
1,0,-1,-0.0444931050296396,-0.575878500129813,-1.51,0.0701821418258136
1,0,-1,-0.0444931050296396,-0.575878500129813,-1.5,0.0732153377849845
1,0,-1,-0.0444931050296396,-0.575878500129813,-1.49,0.0763236905036542
1,0,-1,-0.0444931050296396,-0.575878500129813,-1.48,0.0795064546398918
1,0,-1,-0.0444931050296396,-0.575878500129813,-1.47,0.0827627700444693
1,0,-1,-0.0444931050296396,-0.575878500129813,-1.46,0.0860916627528738
1,0,-1,-0.0444931050296396,-0.575878500129813,-1.45,0.0894920463051773
1,0,-1,-0.0444931050296396,-0.575878500129813,-1.44,0.0929627233873328
1,0,-1,-0.0444931050296396,-0.575878500129813,-1.43,0.0965023877861143
1,0,-1,-0.0444931050296396,-0.575878500129813,-1.42,0.100109626648614
1,0,-1,-0.0444931050296396,-0.575878500129813,-1.41,0.103782923035985
1,0,-1,-0.0444931050296396,-0.575878500129813,-1.4,0.107520658759979
1,0,-1,-0.0444931050296396,-0.575878500129813,-1.39,0.111321117489739
1,0,-1,-0.0444931050296396,-0.575878500129813,-1.38,0.115182488115343
1,0,-1,-0.0444931050296396,-0.575878500129813,-1.37,0.119102868353693
1,0,-1,-0.0444931050296396,-0.575878500129813,-1.36,0.123080268581547
1,0,-1,-0.0444931050296396,-0.575878500129813,-1.35,0.127112615879771
1,0,-1,-0.0444931050296396,-0.575878500129813,-1.34,0.131197758272306
1,0,-1,-0.0444931050296396,-0.575878500129813,-1.33,0.135333469142797
1,0,-1,-0.0444931050296396,-0.575878500129813,-1.32,0.139517451811445
1,0,-1,-0.0444931050296396,-0.575878500129813,-1.31,0.143747344254308
1,0,-1,-0.0444931050296396,-0.575878500129813,-1.3,0.14802072394705
1,0,-1,-0.0444931050296396,-0.575878500129813,-1.29,0.152335112815025
1,0,-1,-0.0444931050296396,-0.575878500129813,-1.28,0.156687982271517
1,0,-1,-0.0444931050296396,-0.575878500129813,-1.27,0.161076758326036
1,0,-1,-0.0444931050296396,-0.575878500129813,-1.26,0.165498826744687
1,0,-1,-0.0444931050296396,-0.575878500129813,-1.25,0.169951538244843
1,0,-1,-0.0444931050296396,-0.575878500129813,-1.24,0.174432213706682
1,0,-1,-0.0444931050296396,-0.575878500129813,-1.23,0.178938149384448
1,0,-1,-0.0444931050296396,-0.575878500129813,-1.22,0.183466622100829
1,0,-1,-0.0444931050296396,-0.575878500129813,-1.21,0.188014894408247
1,0,-1,-0.0444931050296396,-0.575878500129813,-1.2,0.19258021970149
1,0,-1,-0.0444931050296396,-0.575878500129813,-1.19,0.197159847266693
1,0,-1,-0.0444931050296396,-0.575878500129813,-1.18,0.201751027252335
1,0,-1,-0.0444931050296396,-0.575878500129813,-1.17,0.206351015548649
1,0,-1,-0.0444931050296396,-0.575878500129813,-1.16,0.210957078562551
1,0,-1,-0.0444931050296396,-0.575878500129813,-1.15,0.21556649787599
1,0,-1,-0.0444931050296396,-0.575878500129813,-1.14,0.220176574776413
1,0,-1,-0.0444931050296396,-0.575878500129813,-1.13,0.224784634648856
1,0,-1,-0.0444931050296396,-0.575878500129813,-1.12,0.229388031220019
1,0,-1,-0.0444931050296396,-0.575878500129813,-1.11,0.233984150645515
1,0,-1,-0.0444931050296396,-0.575878500129813,-1.1,0.238570415432364
1,0,-1,-0.0444931050296396,-0.575878500129813,-1.09,0.243144288189617
1,0,-1,-0.0444931050296396,-0.575878500129813,-1.08,0.247703275200895
1,0,-1,-0.0444931050296396,-0.575878500129813,-1.07,0.252244929813444
1,0,-1,-0.0444931050296396,-0.575878500129813,-1.06,0.256766855639144
1,0,-1,-0.0444931050296396,-0.575878500129813,-1.05,0.261266709563746
1,0,-1,-0.0444931050296396,-0.575878500129813,-1.04,0.265742204561392
1,0,-1,-0.0444931050296396,-0.575878500129813,-1.03,0.270191112312285
1,0,-1,-0.0444931050296396,-0.575878500129813,-1.02,0.274611265622092
1,0,-1,-0.0444931050296396,-0.575878500129813,-1.01,0.279000560642435
1,0,-1,-0.0444931050296396,-0.575878500129813,-1,0.283356958892502
1,0,-1,-0.0444931050296396,-0.575878500129813,-0.99,0.287678489082483
1,0,-1,-0.0444931050296396,-0.575878500129813,-0.98,0.291963248740202
1,0,-1,-0.0444931050296396,-0.575878500129813,-0.97,0.296209405642871
1,0,-1,-0.0444931050296396,-0.575878500129813,-0.96,0.300415199056517
1,0,-1,-0.0444931050296396,-0.575878500129813,-0.95,0.304578940786134
1,0,-1,-0.0444931050296396,-0.575878500129813,-0.94,0.30869901604011
1,0,-1,-0.0444931050296396,-0.575878500129813,-0.93,0.312773884112959
1,0,-1,-0.0444931050296396,-0.575878500129813,-0.92,0.316802078890801
1,0,-1,-0.0444931050296396,-0.575878500129813,-0.91,0.320782209184408
1,0,-1,-0.0444931050296396,-0.575878500129813,-0.9,0.324712958895001
1,0,-1,-0.0444931050296396,-0.575878500129813,-0.89,0.32859308701829
1,0,-1,-0.0444931050296396,-0.575878500129813,-0.88,0.332421427492521
1,0,-1,-0.0444931050296396,-0.575878500129813,-0.87,0.336196888896537
1,0,-1,-0.0444931050296396,-0.575878500129813,-0.86,0.339918454004065
1,0,-1,-0.0444931050296396,-0.575878500129813,-0.85,0.343585179200621
1,0,-1,-0.0444931050296396,-0.575878500129813,-0.84,0.347196193769555
1,0,-1,-0.0444931050296396,-0.575878500129813,-0.83,0.350750699053876
1,0,-1,-0.0444931050296396,-0.575878500129813,-0.82,0.354247967500561
1,0,-1,-0.0444931050296396,-0.575878500129813,-0.81,0.357687341594126
1,0,-1,-0.0444931050296396,-0.575878500129813,-0.8,0.361068232686238
1,0,-1,-0.0444931050296396,-0.575878500129813,-0.79,0.364390119728148
1,0,-1,-0.0444931050296396,-0.575878500129813,-0.78,0.36765254791271
1,0,-1,-0.0444931050296396,-0.575878500129813,-0.77,0.370855127232683
1,0,-1,-0.0444931050296396,-0.575878500129813,-0.76,0.37399753096196
1,0,-1,-0.0444931050296396,-0.575878500129813,-0.75,0.377079494066253
1,0,-1,-0.0444931050296396,-0.575878500129813,-0.74,0.380100811549679
1,0,-1,-0.0444931050296396,-0.575878500129813,-0.73,0.383061336743543
1,0,-1,-0.0444931050296396,-0.575878500129813,-0.72,0.385960979543495
1,0,-1,-0.0444931050296396,-0.575878500129813,-0.71,0.388799704601053
1,0,-1,-0.0444931050296396,-0.575878500129813,-0.7,0.391577529475352
1,0,-1,-0.0444931050296396,-0.575878500129813,-0.69,0.39429452275077
1,0,-1,-0.0444931050296396,-0.575878500129813,-0.68,0.396950802125906
1,0,-1,-0.0444931050296396,-0.575878500129813,-0.67,0.399546532479204
1,0,-1,-0.0444931050296396,-0.575878500129813,-0.66,0.402081923916279
1,0,-1,-0.0444931050296396,-0.575878500129813,-0.65,0.40455722980383
1,0,-1,-0.0444931050296396,-0.575878500129813,-0.64,0.40697274479479
1,0,-1,-0.0444931050296396,-0.575878500129813,-0.63,0.409328802849151
1,0,-1,-0.0444931050296396,-0.575878500129813,-0.62,0.411625775254685
1,0,-1,-0.0444931050296396,-0.575878500129813,-0.61,0.41386406865157
1,0,-1,-0.0444931050296396,-0.575878500129813,-0.6,0.416044123064698
1,0,-1,-0.0444931050296396,-0.575878500129813,-0.59,0.418166409947221
1,0,-1,-0.0444931050296396,-0.575878500129813,-0.58,0.420231430238695
1,0,-1,-0.0444931050296396,-0.575878500129813,-0.57,0.422239712440939
1,0,-1,-0.0444931050296396,-0.575878500129813,-0.56,0.424191810714531
1,0,-1,-0.0444931050296396,-0.575878500129813,-0.55,0.426088302998646
1,0,-1,-0.0444931050296396,-0.575878500129813,-0.54,0.42792978915674
1,0,-1,-0.0444931050296396,-0.575878500129813,-0.53,0.429716889150373
1,0,-1,-0.0444931050296396,-0.575878500129813,-0.52,0.43145024124329
1,0,-1,-0.0444931050296396,-0.575878500129813,-0.51,0.433130500237662
1,0,-1,-0.0444931050296396,-0.575878500129813,-0.5,0.43475833574422
1,0,-1,-0.0444931050296396,-0.575878500129813,-0.49,0.436334430487839
1,0,-1,-0.0444931050296396,-0.575878500129813,-0.48,0.437859478649953
1,0,-1,-0.0444931050296396,-0.575878500129813,-0.47,0.439334184249001
1,0,-1,-0.0444931050296396,-0.575878500129813,-0.46,0.440759259559982
1,0,-1,-0.0444931050296396,-0.575878500129813,-0.45,0.442135423574006
1,0,-1,-0.0444931050296396,-0.575878500129813,-0.44,0.443463400498615
1,0,-1,-0.0444931050296396,-0.575878500129813,-0.43,0.444743918299486
1,0,-1,-0.0444931050296396,-0.575878500129813,-0.42,0.445977707284017
1,0,-1,-0.0444931050296396,-0.575878500129813,-0.41,0.447165498727164
1,0,-1,-0.0444931050296396,-0.575878500129813,-0.4,0.448308023539786
1,0,-1,-0.0444931050296396,-0.575878500129813,-0.39,0.449406010979642
1,0,-1,-0.0444931050296396,-0.575878500129813,-0.38,0.450460187405081
1,0,-1,-0.0444931050296396,-0.575878500129813,-0.37,0.451471275071393
1,0,-1,-0.0444931050296396,-0.575878500129813,-0.36,0.452439990969657
1,0,-1,-0.0444931050296396,-0.575878500129813,-0.35,0.453367045707899
1,0,-1,-0.0444931050296396,-0.575878500129813,-0.34,0.454253142434243
1,0,-1,-0.0444931050296396,-0.575878500129813,-0.33,0.455098975801712
1,0,-1,-0.0444931050296396,-0.575878500129813,-0.32,0.455905230974253
1,0,-1,-0.0444931050296396,-0.575878500129813,-0.31,0.456672582673513
1,0,-1,-0.0444931050296396,-0.575878500129813,-0.3,0.457401694265835
1,0,-1,-0.0444931050296396,-0.575878500129813,-0.29,0.458093216888921
1,0,-1,-0.0444931050296396,-0.575878500129813,-0.28,0.458747788617537
1,0,-1,-0.0444931050296396,-0.575878500129813,-0.27,0.459366033667644
1,0,-1,-0.0444931050296396,-0.575878500129813,-0.26,0.459948561638269
1,0,-1,-0.0444931050296396,-0.575878500129813,-0.25,0.460495966790445
1,0,-1,-0.0444931050296396,-0.575878500129813,-0.24,0.461008827362505
1,0,-1,-0.0444931050296396,-0.575878500129813,-0.23,0.461487704921022
1,0,-1,-0.0444931050296396,-0.575878500129813,-0.22,0.461933143746658
1,0,-1,-0.0444931050296396,-0.575878500129813,-0.21,0.462345670254201
1,0,-1,-0.0444931050296396,-0.575878500129813,-0.2,0.462725792446054
1,0,-1,-0.0444931050296396,-0.575878500129813,-0.19,0.463073999398446
1,0,-1,-0.0444931050296396,-0.575878500129813,-0.18,0.463390760779658
1,0,-1,-0.0444931050296396,-0.575878500129813,-0.17,0.463676526399528
1,0,-1,-0.0444931050296396,-0.575878500129813,-0.16,0.463931725789562
1,0,-1,-0.0444931050296396,-0.575878500129813,-0.15,0.464156767812953
1,0,-1,-0.0444931050296396,-0.575878500129813,-0.14,0.464352040303857
1,0,-1,-0.0444931050296396,-0.575878500129813,-0.13,0.46451790973527
1,0,-1,-0.0444931050296396,-0.575878500129813,-0.12,0.464654720914907
1,0,-1,-0.0444931050296396,-0.575878500129813,-0.11,0.464762796708467
1,0,-1,-0.0444931050296396,-0.575878500129813,-0.1,0.464842437789748
1,0,-1,-0.0444931050296396,-0.575878500129813,-0.0899999999999999,0.464893922417051
1,0,-1,-0.0444931050296396,-0.575878500129813,-0.0800000000000001,0.464917506235394
1,0,-1,-0.0444931050296396,-0.575878500129813,-0.0699999999999998,0.464913422104047
1,0,-1,-0.0444931050296396,-0.575878500129813,-0.06,0.46488187994896
1,0,-1,-0.0444931050296396,-0.575878500129813,-0.0499999999999998,0.464823066639693
1,0,-1,-0.0444931050296396,-0.575878500129813,-0.04,0.464737145890467
1,0,-1,-0.0444931050296396,-0.575878500129813,-0.0299999999999998,0.464624258185024
1,0,-1,-0.0444931050296396,-0.575878500129813,-0.02,0.464484520725003
1,0,-1,-0.0444931050296396,-0.575878500129813,-0.00999999999999979,0.464318027401581
1,0,-1,-0.0444931050296396,-0.575878500129813,0,0.464124848790175
1,0,-1,-0.0444931050296396,-0.575878500129813,0.00999999999999979,0.46390503216803
1,0,-1,-0.0444931050296396,-0.575878500129813,0.0200000000000005,0.463658601554563
1,0,-1,-0.0444931050296396,-0.575878500129813,0.0300000000000002,0.463385557774376
1,0,-1,-0.0444931050296396,-0.575878500129813,0.04,0.463085878542883
1,0,-1,-0.0444931050296396,-0.575878500129813,0.0499999999999998,0.46275951857454
1,0,-1,-0.0444931050296396,-0.575878500129813,0.0600000000000005,0.462406409713711
1,0,-1,-0.0444931050296396,-0.575878500129813,0.0700000000000003,0.462026461088225
1,0,-1,-0.0444931050296396,-0.575878500129813,0.0800000000000001,0.461619559285745
1,0,-1,-0.0444931050296396,-0.575878500129813,0.0899999999999999,0.461185568553071
1,0,-1,-0.0444931050296396,-0.575878500129813,0.0999999999999996,0.460724331018572
1,0,-1,-0.0444931050296396,-0.575878500129813,0.11,0.460235666937949
1,0,-1,-0.0444931050296396,-0.575878500129813,0.12,0.45971937496358
1,0,-1,-0.0444931050296396,-0.575878500129813,0.13,0.459175232437735
1,0,-1,-0.0444931050296396,-0.575878500129813,0.14,0.458602995709948
1,0,-1,-0.0444931050296396,-0.575878500129813,0.15,0.458002400478925
1,0,-1,-0.0444931050296396,-0.575878500129813,0.16,0.457373162159316
1,0,-1,-0.0444931050296396,-0.575878500129813,0.17,0.456714976273783
1,0,-1,-0.0444931050296396,-0.575878500129813,0.18,0.456027518870757
1,0,-1,-0.0444931050296396,-0.575878500129813,0.19,0.455310446968338
1,0,-1,-0.0444931050296396,-0.575878500129813,0.2,0.454563399024798
1,0,-1,-0.0444931050296396,-0.575878500129813,0.21,0.453785995436162
1,0,-1,-0.0444931050296396,-0.575878500129813,0.22,0.452977839061365
1,0,-1,-0.0444931050296396,-0.575878500129813,0.23,0.452138515775476
1,0,-1,-0.0444931050296396,-0.575878500129813,0.24,0.451267595051525
1,0,-1,-0.0444931050296396,-0.575878500129813,0.25,0.450364630571426
1,0,-1,-0.0444931050296396,-0.575878500129813,0.26,0.449429160866535
1,0,-1,-0.0444931050296396,-0.575878500129813,0.27,0.448460709988351
1,0,-1,-0.0444931050296396,-0.575878500129813,0.28,0.447458788209888
1,0,-1,-0.0444931050296396,-0.575878500129813,0.29,0.446422892758204
1,0,-1,-0.0444931050296396,-0.575878500129813,0.3,0.4453525085786
1,0,-1,-0.0444931050296396,-0.575878500129813,0.31,0.444247109130954
1,0,-1,-0.0444931050296396,-0.575878500129813,0.32,0.44310615721865
1,0,-1,-0.0444931050296396,-0.575878500129813,0.33,0.441929105850525
1,0,-1,-0.0444931050296396,-0.575878500129813,0.34,0.440715399136246
1,0,-1,-0.0444931050296396,-0.575878500129813,0.350000000000001,0.439464473215472
1,0,-1,-0.0444931050296396,-0.575878500129813,0.36,0.438175757221122
1,0,-1,-0.0444931050296396,-0.575878500129813,0.37,0.436848674277048
1,0,-1,-0.0444931050296396,-0.575878500129813,0.38,0.435482642530314
1,0,-1,-0.0444931050296396,-0.575878500129813,0.39,0.434077076218282
1,0,-1,-0.0444931050296396,-0.575878500129813,0.4,0.432631386770599
1,0,-1,-0.0444931050296396,-0.575878500129813,0.41,0.431144983946142
1,0,-1,-0.0444931050296396,-0.575878500129813,0.42,0.429617277004888
1,0,-1,-0.0444931050296396,-0.575878500129813,0.43,0.428047675914602
1,0,-1,-0.0444931050296396,-0.575878500129813,0.44,0.426435592592171
1,0,-1,-0.0444931050296396,-0.575878500129813,0.45,0.424780442179276
1,0,-1,-0.0444931050296396,-0.575878500129813,0.46,0.423081644352056
1,0,-1,-0.0444931050296396,-0.575878500129813,0.47,0.421338624664269
1,0,-1,-0.0444931050296396,-0.575878500129813,0.48,0.419550815923364
1,0,-1,-0.0444931050296396,-0.575878500129813,0.49,0.417717659598783
1,0,-1,-0.0444931050296396,-0.575878500129813,0.5,0.415838607261643
1,0,-1,-0.0444931050296396,-0.575878500129813,0.51,0.413913122054882
1,0,-1,-0.0444931050296396,-0.575878500129813,0.52,0.411940680192767
1,0,-1,-0.0444931050296396,-0.575878500129813,0.53,0.409920772488575
1,0,-1,-0.0444931050296396,-0.575878500129813,0.54,0.407852905909053
1,0,-1,-0.0444931050296396,-0.575878500129813,0.55,0.405736605154188
1,0,-1,-0.0444931050296396,-0.575878500129813,0.56,0.403571414260598
1,0,-1,-0.0444931050296396,-0.575878500129813,0.57,0.401356898226745
1,0,-1,-0.0444931050296396,-0.575878500129813,0.58,0.399092644657973
1,0,-1,-0.0444931050296396,-0.575878500129813,0.59,0.396778265429237
1,0,-1,-0.0444931050296396,-0.575878500129813,0.6,0.39441339836319
1,0,-1,-0.0444931050296396,-0.575878500129813,0.61,0.391997708921152
1,0,-1,-0.0444931050296396,-0.575878500129813,0.62,0.389530891904265
1,0,-1,-0.0444931050296396,-0.575878500129813,0.63,0.387012673162018
1,0,-1,-0.0444931050296396,-0.575878500129813,0.64,0.384442811305081
1,0,-1,-0.0444931050296396,-0.575878500129813,0.65,0.381821099419251
1,0,-1,-0.0444931050296396,-0.575878500129813,0.66,0.379147366777109
1,0,-1,-0.0444931050296396,-0.575878500129813,0.67,0.376421480543816
1,0,-1,-0.0444931050296396,-0.575878500129813,0.68,0.373643347473279
1,0,-1,-0.0444931050296396,-0.575878500129813,0.69,0.370812915590753
1,0,-1,-0.0444931050296396,-0.575878500129813,0.7,0.367930175857763
1,0,-1,-0.0444931050296396,-0.575878500129813,0.71,0.364995163815058
1,0,-1,-0.0444931050296396,-0.575878500129813,0.72,0.362007961199128
1,0,-1,-0.0444931050296396,-0.575878500129813,0.73,0.358968697527679
1,0,-1,-0.0444931050296396,-0.575878500129813,0.74,0.355877551649281
1,0,-1,-0.0444931050296396,-0.575878500129813,0.75,0.352734753252251
1,0,-1,-0.0444931050296396,-0.575878500129813,0.76,0.349540584327725
1,0,-1,-0.0444931050296396,-0.575878500129813,0.77,0.346295380581711
1,0,-1,-0.0444931050296396,-0.575878500129813,0.78,0.342999532790815
1,0,-1,-0.0444931050296396,-0.575878500129813,0.79,0.339653488096205
1,0,-1,-0.0444931050296396,-0.575878500129813,0.8,0.336257751230329
1,0,-1,-0.0444931050296396,-0.575878500129813,0.81,0.332812885670763
1,0,-1,-0.0444931050296396,-0.575878500129813,0.82,0.329319514715572
1,0,-1,-0.0444931050296396,-0.575878500129813,0.83,0.325778322474468
1,0,-1,-0.0444931050296396,-0.575878500129813,0.84,0.322190054770052
1,0,-1,-0.0444931050296396,-0.575878500129813,0.85,0.318555519943428
1,0,-1,-0.0444931050296396,-0.575878500129813,0.86,0.314875589558473
1,0,-1,-0.0444931050296396,-0.575878500129813,0.87,0.3111511989991
1,0,-1,-0.0444931050296396,-0.575878500129813,0.88,0.307383347953919
1,0,-1,-0.0444931050296396,-0.575878500129813,0.89,0.303573100782771
1,0,-1,-0.0444931050296396,-0.575878500129813,0.9,0.299721586759752
1,0,-1,-0.0444931050296396,-0.575878500129813,0.91,0.295830000187452
1,0,-1,-0.0444931050296396,-0.575878500129813,0.92,0.291899600377335
1,0,-1,-0.0444931050296396,-0.575878500129813,0.93,0.287931711491358
1,0,-1,-0.0444931050296396,-0.575878500129813,0.94,0.283927722240179
1,0,-1,-0.0444931050296396,-0.575878500129813,0.95,0.279889085433538
1,0,-1,-0.0444931050296396,-0.575878500129813,0.96,0.275817317378693
1,0,-1,-0.0444931050296396,-0.575878500129813,0.97,0.271713997123129
1,0,-1,-0.0444931050296396,-0.575878500129813,0.98,0.267580765538072
1,0,-1,-0.0444931050296396,-0.575878500129813,0.99,0.263419324239757
1,0,-1,-0.0444931050296396,-0.575878500129813,1,0.259231434345788
1,0,-1,-0.0444931050296396,-0.575878500129813,1.01,0.255018915064391
1,0,-1,-0.0444931050296396,-0.575878500129813,1.02,0.25078364211481
1,0,-1,-0.0444931050296396,-0.575878500129813,1.03,0.246527545977634
1,0,-1,-0.0444931050296396,-0.575878500129813,1.04,0.242252609974332
1,0,-1,-0.0444931050296396,-0.575878500129813,1.05,0.237960868175878
1,0,-1,-0.0444931050296396,-0.575878500129813,1.06,0.233654403140909
1,0,-1,-0.0444931050296396,-0.575878500129813,1.07,0.229335343484461
1,0,-1,-0.0444931050296396,-0.575878500129813,1.08,0.225005861278997
1,0,-1,-0.0444931050296396,-0.575878500129813,1.09,0.220668169290062
1,0,-1,-0.0444931050296396,-0.575878500129813,1.1,0.216324518049587
1,0,-1,-0.0444931050296396,-0.575878500129813,1.11,0.211977192770572
1,0,-1,-0.0444931050296396,-0.575878500129813,1.12,0.207628510107533
1,0,-1,-0.0444931050296396,-0.575878500129813,1.13,0.203280814767883
1,0,-1,-0.0444931050296396,-0.575878500129813,1.14,0.198936475980063
1,0,-1,-0.0444931050296396,-0.575878500129813,1.15,0.194597883825027
1,0,-1,-0.0444931050296396,-0.575878500129813,1.16,0.19026744543837
1,0,-1,-0.0444931050296396,-0.575878500129813,1.17,0.185947581091129
1,0,-1,-0.0444931050296396,-0.575878500129813,1.18,0.181640720158003
1,0,-1,-0.0444931050296396,-0.575878500129813,1.19,0.177349296982428
1,0,-1,-0.0444931050296396,-0.575878500129813,1.2,0.173075746648648
1,0,-1,-0.0444931050296396,-0.575878500129813,1.21,0.168822500671565
1,0,-1,-0.0444931050296396,-0.575878500129813,1.22,0.164591982615839
1,0,-1,-0.0444931050296396,-0.575878500129813,1.23,0.160386603656259
1,0,-1,-0.0444931050296396,-0.575878500129813,1.24,0.156208758092049
1,0,-1,-0.0444931050296396,-0.575878500129813,1.25,0.152060818828268
1,0,-1,-0.0444931050296396,-0.575878500129813,1.26,0.14794513283799
1,0,-1,-0.0444931050296396,-0.575878500129813,1.27,0.143864016619384
1,0,-1,-0.0444931050296396,-0.575878500129813,1.28,0.139819751662227
1,0,-1,-0.0444931050296396,-0.575878500129813,1.29,0.135814579938707
1,0,-1,-0.0444931050296396,-0.575878500129813,1.3,0.131850699433696
1,0,-1,-0.0444931050296396,-0.575878500129813,1.31,0.127930259729834
1,0,-1,-0.0444931050296396,-0.575878500129813,1.32,0.124055357662974
1,0,-1,-0.0444931050296396,-0.575878500129813,1.33,0.120228033063589
1,0,-1,-0.0444931050296396,-0.575878500129813,1.34,0.116450264599749
1,0,-1,-0.0444931050296396,-0.575878500129813,1.35,0.11272396573723
1,0,-1,-0.0444931050296396,-0.575878500129813,1.36,0.109050980832141
1,0,-1,-0.0444931050296396,-0.575878500129813,1.37,0.105433081371247
1,0,-1,-0.0444931050296396,-0.575878500129813,1.38,0.101871962374861
1,0,-1,-0.0444931050296396,-0.575878500129813,1.39,0.0983692389767626
1,0,-1,-0.0444931050296396,-0.575878500129813,1.4,0.0949264431951525
1,0,-1,-0.0444931050296396,-0.575878500129813,1.41,0.0915450209080853
1,0,-1,-0.0444931050296396,-0.575878500129813,1.42,0.0882263290461808
1,0,-1,-0.0444931050296396,-0.575878500129813,1.43,0.0849716330147091
1,0,-1,-0.0444931050296396,-0.575878500129813,1.44,0.0817821043563364
1,0,-1,-0.0444931050296396,-0.575878500129813,1.45,0.0786588186649571
1,0,-1,-0.0444931050296396,-0.575878500129813,1.46,0.075602753760088
1,0,-1,-0.0444931050296396,-0.575878500129813,1.47,0.072614788130298
1,0,-1,-0.0444931050296396,-0.575878500129813,1.48,0.0696956996530659
1,0,-1,-0.0444931050296396,-0.575878500129813,1.49,0.0668461645973289
1,0,-1,-0.0444931050296396,-0.575878500129813,1.5,0.0640667569138004
1,0,-1,-0.0444931050296396,-0.575878500129813,1.51,0.0613579478169023
1,0,-1,-0.0444931050296396,-0.575878500129813,1.52,0.058720105660889
1,0,-1,-0.0444931050296396,-0.575878500129813,1.53,0.0561534961114313
1,0,-1,-0.0444931050296396,-0.575878500129813,1.54,0.0536582826126032
1,0,-1,-0.0444931050296396,-0.575878500129813,1.55,0.0512345271478682
1,0,-1,-0.0444931050296396,-0.575878500129813,1.56,0.0488821912923071
1,0,-1,-0.0444931050296396,-0.575878500129813,1.57,0.0466011375519726
1,0,-1,-0.0444931050296396,-0.575878500129813,1.58,0.0443911309849098
1,0,-1,-0.0444931050296396,-0.575878500129813,1.59,0.0422518410970583
1,0,-1,-0.0444931050296396,-0.575878500129813,1.6,0.0401828440049387
1,0,-1,-0.0444931050296396,-0.575878500129813,1.61,0.0381836248557712
1,0,-1,-0.0444931050296396,-0.575878500129813,1.62,0.0362535804944371
1,0,-1,-0.0444931050296396,-0.575878500129813,1.63,0.0343920223655367
1,0,-1,-0.0444931050296396,-0.575878500129813,1.64,0.0325981796376773
1,0,-1,-0.0444931050296396,-0.575878500129813,1.65,0.0308712025360884
1,0,-1,-0.0444931050296396,-0.575878500129813,1.66,0.0292101658686967
1,0,-1,-0.0444931050296396,-0.575878500129813,1.67,0.0276140727299108
1,0,-1,-0.0444931050296396,-0.575878500129813,1.68,0.0260818583655791
1,0,-1,-0.0444931050296396,-0.575878500129813,1.69,0.0246123941818849
1,0,-1,-0.0444931050296396,-0.575878500129813,1.7,0.0232044918803552
1,0,-1,-0.0444931050296396,-0.575878500129813,1.71,0.0218569077006671
1,0,-1,-0.0444931050296396,-0.575878500129813,1.72,0.0205683467525643
1,0,-1,-0.0444931050296396,-0.575878500129813,1.73,0.0193374674179255
1,0,-1,-0.0444931050296396,-0.575878500129813,1.74,0.0181628858038807
1,0,-1,-0.0444931050296396,-0.575878500129813,1.75,0.0170431802278313
1,0,-1,-0.0444931050296396,-0.575878500129813,1.76,0.0159768957153149
1,0,-1,-0.0444931050296396,-0.575878500129813,1.77,0.0149625484918475
1,0,-1,-0.0444931050296396,-0.575878500129813,1.78,0.0139986304501851
1,0,-1,-0.0444931050296396,-0.575878500129813,1.79,0.0130836135748635
1,0,-1,-0.0444931050296396,-0.575878500129813,1.8,0.012215954306403
1,0,-1,-0.0444931050296396,-0.575878500129813,1.81,0.0113940978281899
1,0,-1,-0.0444931050296396,-0.575878500129813,1.82,0.0106164822597697
1,0,-1,-0.0444931050296396,-0.575878500129813,1.83,0.00988154274110524
1,0,-1,-0.0444931050296396,-0.575878500129813,1.84,0.00918771539325021
1,0,-1,-0.0444931050296396,-0.575878500129813,1.85,0.00853344114186355
1,0,-1,-0.0444931050296396,-0.575878500129813,1.86,0.00791716939103649
1,0,-1,-0.0444931050296396,-0.575878500129813,1.87,0.0073373615360051
1,0,-1,-0.0444931050296396,-0.575878500129813,1.88,0.00679249430447907
1,0,-1,-0.0444931050296396,-0.575878500129813,1.89,0.00628106291751046
1,0,-1,-0.0444931050296396,-0.575878500129813,1.9,0.00580158406205603
1,0,-1,-0.0444931050296396,-0.575878500129813,1.91,0.00535259866863546
1,0,-1,-0.0444931050296396,-0.575878500129813,1.92,0.00493267448874911
1,0,-1,-0.0444931050296396,-0.575878500129813,1.93,0.00454040846798419
1,0,-1,-0.0444931050296396,-0.575878500129813,1.94,0.00417442891199287
1,0,-1,-0.0444931050296396,-0.575878500129813,1.95,0.00383339744376666
1,0,-1,-0.0444931050296396,-0.575878500129813,1.96,0.0035160107518437
1,0,-1,-0.0444931050296396,-0.575878500129813,1.97,0.00322100213026501
1,0,-1,-0.0444931050296396,-0.575878500129813,1.98,0.00294714281223052
1,0,-1,-0.0444931050296396,-0.575878500129813,1.99,0.00269324310049089
1,0,-1,-0.0444931050296396,-0.575878500129813,2,0.00245815329853758
1,0,-1,-0.0444931050296396,-0.575878500129813,2.01,0.00224076444761737
1,0,-1,-0.0444931050296396,-0.575878500129813,2.02,0.00204000887548988
1,0,-1,-0.0444931050296396,-0.575878500129813,2.03,0.00185486056366592
1,0,-1,-0.0444931050296396,-0.575878500129813,2.04,0.00168433534060421
1,0,-1,-0.0444931050296396,-0.575878500129813,2.05,0.00152749090900323
1,0,-1,-0.0444931050296396,-0.575878500129813,2.06,0.00138342671589894
1,0,-1,-0.0444931050296396,-0.575878500129813,2.07,0.00125128367476874
1,0,-1,-0.0444931050296396,-0.575878500129813,2.08,0.00113024374924502
1,0,-1,-0.0444931050296396,-0.575878500129813,2.09,0.00101952940835928
1,0,-1,-0.0444931050296396,-0.575878500129813,2.1,0.00091840296347041
1,0,-1,-0.0444931050296396,-0.575878500129813,2.11,0.00082616579718026
1,0,-1,-0.0444931050296396,-0.575878500129813,2.12,0.000742157494608838
1,0,-1,-0.0444931050296396,-0.575878500129813,2.13,0.00066575488739335
1,0,-1,-0.0444931050296396,-0.575878500129813,2.14,0.000596371020693276
1,0,-1,-0.0444931050296396,-0.575878500129813,2.15,0.000533454053332601
1,0,-1,-0.0444931050296396,-0.575878500129813,2.16,0.000476486100994452
1,0,-1,-0.0444931050296396,-0.575878500129813,2.17,0.000424982032108483
1,0,-1,-0.0444931050296396,-0.575878500129813,2.18,0.000378488225742034
1,0,-1,-0.0444931050296396,-0.575878500129813,2.19,0.000336581300429059
1,0,-1,-0.0444931050296396,-0.575878500129813,2.2,0.000298866822451336
1,0,-1,-0.0444931050296396,-0.575878500129813,2.21,0.000264978001630754
1,0,-1,-0.0444931050296396,-0.575878500129813,2.22,0.00023457438220581
1,0,-1,-0.0444931050296396,-0.575878500129813,2.23,0.000207340535855374
1,0,-1,-0.0444931050296396,-0.575878500129813,2.24,0.000182984763404752
1,0,-1,-0.0444931050296396,-0.575878500129813,2.25,0.000161237811208398
1,0,-1,-0.0444931050296396,-0.575878500129813,2.26,0.000141851607656226
1,0,-1,-0.0444931050296396,-0.575878500129813,2.27,0.000124598024701175
1,0,-1,-0.0444931050296396,-0.575878500129813,2.28,0.000109267668759931
1,0,-1,-0.0444931050296396,-0.575878500129813,2.29,9.56687048006134e-05
1,0,-1,-0.0444931050296396,-0.575878500129813,2.3,8.36257169054746e-05
1,0,-1,-0.0444931050296396,-0.575878500129813,2.31,7.29786080865863e-05
1,0,-1,-0.0444931050296396,-0.575878500129813,2.32,6.3581541641874e-05
1,0,-1,-0.0444931050296396,-0.575878500129813,2.33,5.53019258703642e-05
1,0,-1,-0.0444931050296396,-0.575878500129813,2.34,4.80194435218212e-05
1,0,-1,-0.0444931050296396,-0.575878500129813,2.35,4.16251269389668e-05
1,0,-1,-0.0444931050296396,-0.575878500129813,2.36,3.60204794619742e-05
1,0,-1,-0.0444931050296396,-0.575878500129813,2.37,3.11166433059752e-05
1,0,-1,-0.0444931050296396,-0.575878500129813,2.38,2.68336137938272e-05
1,0,-1,-0.0444931050296396,-0.575878500129813,2.39,2.30994995286641e-05
1,0,-1,-0.0444931050296396,-0.575878500129813,2.4,1.98498278239439e-05
1,0,-1,-0.0444931050296396,-0.575878500129813,2.41,1.70268944724625e-05
1,0,-1,-0.0444931050296396,-0.575878500129813,2.42,1.45791567296021e-05
1,0,-1,-0.0444931050296396,-0.575878500129813,2.43,1.24606682090193e-05
1,0,-1,-0.0444931050296396,-0.575878500129813,2.44,1.06305542400197e-05
1,0,-1,-0.0444931050296396,-0.575878500129813,2.45,9.05252611368458e-06
1,0,-1,-0.0444931050296396,-0.575878500129813,2.46,7.69443254797247e-06
1,0,-1,-0.0444931050296396,-0.575878500129813,2.47,6.52784662890834e-06
1,0,-1,-0.0444931050296396,-0.575878500129813,2.48,5.5276864338994e-06
1,0,-1,-0.0444931050296396,-0.575878500129813,2.49,4.67186751239945e-06
1,0,-1,-0.0444931050296396,-0.575878500129813,2.5,3.9409853867645e-06
1,0,-1,-0.0444931050296396,-0.575878500129813,2.51,3.31802624036506e-06
1,0,-1,-0.0444931050296396,-0.575878500129813,2.52,2.78810397900127e-06
1,0,-1,-0.0444931050296396,-0.575878500129813,2.53,2.33822188361508e-06
1,0,-1,-0.0444931050296396,-0.575878500129813,2.54,1.95705711543984e-06
1,0,-1,-0.0444931050296396,-0.575878500129813,2.55,1.63476638739152e-06
1,0,-1,-0.0444931050296396,-0.575878500129813,2.56,1.36281117606598e-06
1,0,-1,-0.0444931050296396,-0.575878500129813,2.57,1.13380091565261e-06
1,0,-1,-0.0444931050296396,-0.575878500129813,2.58,9.41352686980806e-07
1,0,-1,-0.0444931050296396,-0.575878500129813,2.59,7.79965990475712e-07
1,0,-1,-0.0444931050296396,-0.575878500129813,2.6,6.4491126981227e-07
1,0,-1,-0.0444931050296396,-0.575878500129813,2.61,5.32130932440955e-07
1,0,-1,-0.0444931050296396,-0.575878500129813,2.62,4.38151692945174e-07
1,0,-1,-0.0444931050296396,-0.575878500129813,2.63,3.6000714452791e-07
1,0,-1,-0.0444931050296396,-0.575878500129813,2.64,2.9516954207054e-07
1,0,-1,-0.0444931050296396,-0.575878500129813,2.65,2.41489856528136e-07
1,0,-1,-0.0444931050296396,-0.575878500129813,2.66,1.97145234390919e-07
1,0,-1,-0.0444931050296396,-0.575878500129813,2.67,1.60593067117745e-07
1,0,-1,-0.0444931050296396,-0.575878500129813,2.68,1.30530943489872e-07
1,0,-1,-0.0444931050296396,-0.575878500129813,2.69,1.05861822481519e-07
1,0,-1,-0.0444931050296396,-0.575878500129813,2.7,8.56638253119948e-08
1,0,-1,-0.0444931050296396,-0.575878500129813,2.71,6.91641027149408e-08
1,0,-1,-0.0444931050296396,-0.575878500129813,2.72,5.5716287076281e-08
1,0,-1,-0.0444931050296396,-0.575878500129813,2.73,4.47810889489071e-08
1,0,-1,-0.0444931050296396,-0.575878500129813,2.74,3.5909643589973e-08
1,0,-1,-0.0444931050296396,-0.575878500129813,2.75,2.87292556649713e-08
1,0,-1,-0.0444931050296396,-0.575878500129813,2.76,2.29312292327426e-08
1,0,-1,-0.0444931050296396,-0.575878500129813,2.77,1.82605057038986e-08
1,0,-1,-0.0444931050296396,-0.575878500129813,2.78,1.45068648088118e-08
1,0,-1,-0.0444931050296396,-0.575878500129813,2.79,1.14974728920441e-08
1,0,-1,-0.0444931050296396,-0.575878500129813,2.8,9.09058925003032e-09
1,0,-1,-0.0444931050296396,-0.575878500129813,2.81,7.17026493627745e-09
1,0,-1,-0.0444931050296396,-0.575878500129813,2.82,5.64188966435774e-09
1,0,-1,-0.0444931050296396,-0.575878500129813,2.83,4.42846133413719e-09
1,0,-1,-0.0444931050296396,-0.575878500129813,2.84,3.46746947868425e-09
1,0,-1,-0.0444931050296396,-0.575878500129813,2.85,2.70829876068128e-09
1,0,-1,-0.0444931050296396,-0.575878500129813,2.86,2.11007171370917e-09
1,0,-1,-0.0444931050296396,-0.575878500129813,2.87,1.63986139311531e-09
1,0,-1,-0.0444931050296396,-0.575878500129813,2.88,1.27121463185287e-09
1,0,-1,-0.0444931050296396,-0.575878500129813,2.89,9.82935337436084e-10
1,0,-1,-0.0444931050296396,-0.575878500129813,2.9,7.58084855552733e-10
1,0,-1,-0.0444931050296396,-0.575878500129813,2.91,5.83162992085362e-10
1,0,-1,-0.0444931050296396,-0.575878500129813,2.92,4.47438946143499e-10
1,0,-1,-0.0444931050296396,-0.575878500129813,2.93,3.42406269833338e-10
1,0,-1,-0.0444931050296396,-0.575878500129813,2.94,2.61340133659489e-10
1,0,-1,-0.0444931050296396,-0.575878500129813,2.95,1.98938727961131e-10
1,0,-1,-0.0444931050296396,-0.575878500129813,2.96,1.51033649957941e-10
1,0,-1,-0.0444931050296396,-0.575878500129813,2.97,1.14356683706259e-10
1,0,-1,-0.0444931050296396,-0.575878500129813,2.98,8.63525395727709e-11
1,0,-1,-0.0444931050296396,-0.575878500129813,2.99,6.50289364900741e-11
1,0,-1,-0.0444931050296396,-0.575878500129813,3,4.88369333707774e-11
1,0,-1,-0.0444931050296396,-0.575878500129813,3.01,3.65756886621505e-11
1,0,-1,-0.0444931050296396,-0.575878500129813,3.02,2.73168866662856e-11
1,0,-1,-0.0444931050296396,-0.575878500129813,3.03,2.03449485380744e-11
1,0,-1,-0.0444931050296396,-0.575878500129813,3.04,1.51098729960509e-11
1,0,-1,-0.0444931050296396,-0.575878500129813,3.05,1.11901510073285e-11
1,0,-1,-0.0444931050296396,-0.575878500129813,3.06,8.26369083741422e-12
1,0,-1,-0.0444931050296396,-0.575878500129813,3.07,6.08509264075873e-12
1,0,-1,-0.0444931050296396,-0.575878500129813,3.08,4.46794029511433e-12
1,0,-1,-0.0444931050296396,-0.575878500129813,3.09,3.27104522027026e-12
1,0,-1,-0.0444931050296396,-0.575878500129813,3.1,2.38779323060454e-12
1,0,-1,-0.0444931050296396,-0.575878500129813,3.11,1.73792008357451e-12
1,0,-1,-0.0444931050296396,-0.575878500129813,3.12,1.26118185327244e-12
1,0,-1,-0.0444931050296396,-0.575878500129813,3.13,9.12498865735802e-13
1,0,-1,-0.0444931050296396,-0.575878500129813,3.14,6.5824189338574e-13
1,0,-1,-0.0444931050296396,-0.575878500129813,3.15,4.73400924758437e-13
1,0,-1,-0.0444931050296396,-0.575878500129813,3.16,3.39433643839945e-13
1,0,-1,-0.0444931050296396,-0.575878500129813,3.17,2.42635672270001e-13
1,0,-1,-0.0444931050296396,-0.575878500129813,3.18,1.72910015278841e-13
1,0,-1,-0.0444931050296396,-0.575878500129813,3.19,1.2284093321013e-13
1,0,-1,-0.0444931050296396,-0.575878500129813,3.2,8.6999193271548e-14
1,0,-1,-0.0444931050296396,-0.575878500129813,3.21,6.14225975914037e-14
1,0,-1,-0.0444931050296396,-0.575878500129813,3.22,4.32288434133497e-14
1,0,-1,-0.0444931050296396,-0.575878500129813,3.23,3.03279572578186e-14
1,0,-1,-0.0444931050296396,-0.575878500129813,3.24,2.12094010863356e-14
1,0,-1,-0.0444931050296396,-0.575878500129813,3.25,1.47849862007065e-14
1,0,-1,-0.0444931050296396,-0.575878500129813,3.26,1.02733541370597e-14
1,0,-1,-0.0444931050296396,-0.575878500129813,3.27,7.11531170161885e-15
1,0,-1,-0.0444931050296396,-0.575878500129813,3.28,4.91198948533447e-15
1,0,-1,-0.0444931050296396,-0.575878500129813,3.29,3.37982505052358e-15
1,0,-1,-0.0444931050296396,-0.575878500129813,3.3,2.31790560811284e-15
1,0,-1,-0.0444931050296396,-0.575878500129813,3.31,1.58435835947378e-15
1,0,-1,-0.0444931050296396,-0.575878500129813,3.32,1.07934088591823e-15
1,0,-1,-0.0444931050296396,-0.575878500129813,3.33,7.32829148402481e-16
1,0,-1,-0.0444931050296396,-0.575878500129813,3.34,4.95880550833427e-16
1,0,-1,-0.0444931050296396,-0.575878500129813,3.35,3.34405150535053e-16
1,0,-1,-0.0444931050296396,-0.575878500129813,3.36,2.24740668085653e-16
1,0,-1,-0.0444931050296396,-0.575878500129813,3.37,1.50520087358091e-16
1,0,-1,-0.0444931050296396,-0.575878500129813,3.38,1.00462173962734e-16
1,0,-1,-0.0444931050296396,-0.575878500129813,3.39,6.681857410731e-17
1,0,-1,-0.0444931050296396,-0.575878500129813,3.4,4.42863141547195e-17
1,0,-1,-0.0444931050296396,-0.575878500129813,3.41,2.92489798831978e-17
1,0,-1,-0.0444931050296396,-0.575878500129813,3.42,1.92491648995625e-17
1,0,-1,-0.0444931050296396,-0.575878500129813,3.43,1.26230454302765e-17
1,0,-1,-0.0444931050296396,-0.575878500129813,3.44,8.24818808976497e-18
1,0,-1,-0.0444931050296396,-0.575878500129813,3.45,5.37014700222755e-18
1,0,-1,-0.0444931050296396,-0.575878500129813,3.46,3.48367813905675e-18
1,0,-1,-0.0444931050296396,-0.575878500129813,3.47,2.25167185858587e-18
1,0,-1,-0.0444931050296396,-0.575878500129813,3.48,1.45003463466516e-18
1,0,-1,-0.0444931050296396,-0.575878500129813,3.49,9.30355212199874e-19
1,0,-1,-0.0444931050296396,-0.575878500129813,3.5,5.94712787961568e-19
1,0,-1,-0.0444931050296396,-0.575878500129813,3.51,3.7874308707729e-19
1,0,-1,-0.0444931050296396,-0.575878500129813,3.52,2.40299006155748e-19
1,0,-1,-0.0444931050296396,-0.575878500129813,3.53,1.51886752862877e-19
1,0,-1,-0.0444931050296396,-0.575878500129813,3.54,9.5639940711453e-20
1,0,-1,-0.0444931050296396,-0.575878500129813,3.55,5.999305324663e-20
1,0,-1,-0.0444931050296396,-0.575878500129813,3.56,3.74882926062641e-20
1,0,-1,-0.0444931050296396,-0.575878500129813,3.57,2.33353394236877e-20
1,0,-1,-0.0444931050296396,-0.575878500129813,3.58,1.44692846123933e-20
1,0,-1,-0.0444931050296396,-0.575878500129813,3.59,8.93686415753635e-21
1,0,-1,-0.0444931050296396,-0.575878500129813,3.6,5.49818150244165e-21
1,0,-1,-0.0444931050296396,-0.575878500129813,3.61,3.36929811491659e-21
1,0,-1,-0.0444931050296396,-0.575878500129813,3.62,2.05653858677656e-21
1,0,-1,-0.0444931050296396,-0.575878500129813,3.63,1.25026456717245e-21
1,0,-1,-0.0444931050296396,-0.575878500129813,3.64,7.57051066044032e-22
1,0,-1,-0.0444931050296396,-0.575878500129813,3.65,4.56559250557511e-22
1,0,-1,-0.0444931050296396,-0.575878500129813,3.66,2.74225817109812e-22
1,0,-1,-0.0444931050296396,-0.575878500129813,3.67,1.6403979919791e-22
1,0,-1,-0.0444931050296396,-0.575878500129813,3.68,9.77260321094321e-23
1,0,-1,-0.0444931050296396,-0.575878500129813,3.69,5.79804889598673e-23
1,0,-1,-0.0444931050296396,-0.575878500129813,3.7,3.42574040359772e-23
1,0,-1,-0.0444931050296396,-0.575878500129813,3.71,2.01566505409634e-23
1,0,-1,-0.0444931050296396,-0.575878500129813,3.72,1.18103826568004e-23
1,0,-1,-0.0444931050296396,-0.575878500129813,3.73,6.89098932387144e-24
1,0,-1,-0.0444931050296396,-0.575878500129813,3.74,4.00369959557386e-24
1,0,-1,-0.0444931050296396,-0.575878500129813,3.75,2.3162954697317e-24
1,0,-1,-0.0444931050296396,-0.575878500129813,3.76,1.33434840018372e-24
1,0,-1,-0.0444931050296396,-0.575878500129813,3.77,7.65380765630948e-25
1,0,-1,-0.0444931050296396,-0.575878500129813,3.78,4.37128438235867e-25
1,0,-1,-0.0444931050296396,-0.575878500129813,3.79,2.48573000290033e-25
1,0,-1,-0.0444931050296396,-0.575878500129813,3.8,1.40735078685577e-25
1,0,-1,-0.0444931050296396,-0.575878500129813,3.81,7.93312669669192e-26
1,0,-1,-0.0444931050296396,-0.575878500129813,3.82,4.45215349999813e-26
1,0,-1,-0.0444931050296396,-0.575878500129813,3.83,2.48753750052307e-26
1,0,-1,-0.0444931050296396,-0.575878500129813,3.84,1.38367133805924e-26
1,0,-1,-0.0444931050296396,-0.575878500129813,3.85,7.66213961309584e-27
1,0,-1,-0.0444931050296396,-0.575878500129813,3.86,4.22387411177934e-27
1,0,-1,-0.0444931050296396,-0.575878500129813,3.87,2.31795827725506e-27
1,0,-1,-0.0444931050296396,-0.575878500129813,3.88,1.26626305293433e-27
1,0,-1,-0.0444931050296396,-0.575878500129813,3.89,6.88582261661118e-28
1,0,-1,-0.0444931050296396,-0.575878500129813,3.9,3.72727278148246e-28
1,0,-1,-0.0444931050296396,-0.575878500129813,3.91,2.00825948578618e-28
1,0,-1,-0.0444931050296396,-0.575878500129813,3.92,1.07703942911559e-28
1,0,-1,-0.0444931050296396,-0.575878500129813,3.93,5.74931763706786e-29
1,0,-1,-0.0444931050296396,-0.575878500129813,3.94,3.05466578844821e-29
1,0,-1,-0.0444931050296396,-0.575878500129813,3.95,1.61533849322652e-29
1,0,-1,-0.0444931050296396,-0.575878500129813,3.96,8.50169553071534e-30
1,0,-1,-0.0444931050296396,-0.575878500129813,3.97,4.45327393643833e-30
1,0,-1,-0.0444931050296396,-0.575878500129813,3.98,2.32153267375678e-30
1,0,-1,-0.0444931050296396,-0.575878500129813,3.99,1.20442942793312e-30
1,0,-1,-0.0444931050296396,-0.575878500129813,4,6.21854383601681e-31
2,0,0,-0.0444931050296396,0.445213995198702,-4,2.23017446061091e-27
2,0,0,-0.0444931050296396,0.445213995198702,-3.99,4.14313431871788e-27
2,0,0,-0.0444931050296396,0.445213995198702,-3.98,7.66062702117204e-27
2,0,0,-0.0444931050296396,0.445213995198702,-3.97,1.40979230778729e-26
2,0,0,-0.0444931050296396,0.445213995198702,-3.96,2.58233051254176e-26
2,0,0,-0.0444931050296396,0.445213995198702,-3.95,4.70808961377443e-26
2,0,0,-0.0444931050296396,0.445213995198702,-3.94,8.54405673832724e-26
2,0,0,-0.0444931050296396,0.445213995198702,-3.93,1.54340646781773e-25
2,0,0,-0.0444931050296396,0.445213995198702,-3.92,2.77525919877491e-25
2,0,0,-0.0444931050296396,0.445213995198702,-3.91,4.96757069246984e-25
2,0,0,-0.0444931050296396,0.445213995198702,-3.9,8.85140135139681e-25
2,0,0,-0.0444931050296396,0.445213995198702,-3.89,1.57006509395393e-24
2,0,0,-0.0444931050296396,0.445213995198702,-3.88,2.77249696996895e-24
2,0,0,-0.0444931050296396,0.445213995198702,-3.87,4.87396518166651e-24
2,0,0,-0.0444931050296396,0.445213995198702,-3.86,8.53025044892564e-24
2,0,0,-0.0444931050296396,0.445213995198702,-3.85,1.48634364701926e-23
2,0,0,-0.0444931050296396,0.445213995198702,-3.84,2.5784862174163e-23
2,0,0,-0.0444931050296396,0.445213995198702,-3.83,4.45357274915912e-23
2,0,0,-0.0444931050296396,0.445213995198702,-3.82,7.65879480465851e-23
2,0,0,-0.0444931050296396,0.445213995198702,-3.81,1.31138566104568e-22
2,0,0,-0.0444931050296396,0.445213995198702,-3.8,2.23577698878307e-22
2,0,0,-0.0444931050296396,0.445213995198702,-3.79,3.79546073384207e-22
2,0,0,-0.0444931050296396,0.445213995198702,-3.78,6.41576402474344e-22
2,0,0,-0.0444931050296396,0.445213995198702,-3.77,1.0799160167445e-21
2,0,0,-0.0444931050296396,0.445213995198702,-3.76,1.81008571474531e-21
2,0,0,-0.0444931050296396,0.445213995198702,-3.75,3.02124307609988e-21
2,0,0,-0.0444931050296396,0.445213995198702,-3.74,5.02179926409279e-21
2,0,0,-0.0444931050296396,0.445213995198702,-3.73,8.31246713556469e-21
2,0,0,-0.0444931050296396,0.445213995198702,-3.72,1.3702732458695e-20
2,0,0,-0.0444931050296396,0.445213995198702,-3.71,2.24957649942047e-20
2,0,0,-0.0444931050296396,0.445213995198702,-3.7,3.67807335022443e-20
2,0,0,-0.0444931050296396,0.445213995198702,-3.69,5.9892948157382e-20
2,0,0,-0.0444931050296396,0.445213995198702,-3.68,9.71351266160493e-20
2,0,0,-0.0444931050296396,0.445213995198702,-3.67,1.5690321638616e-19
2,0,0,-0.0444931050296396,0.445213995198702,-3.66,2.5243633988171e-19
2,0,0,-0.0444931050296396,0.445213995198702,-3.65,4.04525539348275e-19
2,0,0,-0.0444931050296396,0.445213995198702,-3.64,6.4568929067981e-19
2,0,0,-0.0444931050296396,0.445213995198702,-3.63,1.02658351447174e-18
2,0,0,-0.0444931050296396,0.445213995198702,-3.62,1.62580151920199e-18
2,0,0,-0.0444931050296396,0.445213995198702,-3.61,2.56479552292372e-18
2,0,0,-0.0444931050296396,0.445213995198702,-3.6,4.03050413718116e-18
2,0,0,-0.0444931050296396,0.445213995198702,-3.59,6.30952683701659e-18
2,0,0,-0.0444931050296396,0.445213995198702,-3.58,9.8395305073049e-18
2,0,0,-0.0444931050296396,0.445213995198702,-3.57,1.52862679132563e-17
2,0,0,-0.0444931050296396,0.445213995198702,-3.56,2.36585094041526e-17
2,0,0,-0.0444931050296396,0.445213995198702,-3.55,3.64788720416146e-17
2,0,0,-0.0444931050296396,0.445213995198702,-3.54,5.60367317678211e-17
2,0,0,-0.0444931050296396,0.445213995198702,-3.53,8.57611916034347e-17
2,0,0,-0.0444931050296396,0.445213995198702,-3.52,1.30768950582297e-16
2,0,0,-0.0444931050296396,0.445213995198702,-3.51,1.98665968572248e-16
2,0,0,-0.0444931050296396,0.445213995198702,-3.5,3.00715966215598e-16
2,0,0,-0.0444931050296396,0.445213995198702,-3.49,4.53537076579623e-16
2,0,0,-0.0444931050296396,0.445213995198702,-3.48,6.81555950249619e-16
2,0,0,-0.0444931050296396,0.445213995198702,-3.47,1.02054396848773e-15
2,0,0,-0.0444931050296396,0.445213995198702,-3.46,1.52269342077991e-15
2,0,0,-0.0444931050296396,0.445213995198702,-3.45,2.26387683421264e-15
2,0,0,-0.0444931050296396,0.445213995198702,-3.44,3.35398947826921e-15
2,0,0,-0.0444931050296396,0.445213995198702,-3.43,4.95162958770971e-15
2,0,0,-0.0444931050296396,0.445213995198702,-3.42,7.28485826812163e-15
2,0,0,-0.0444931050296396,0.445213995198702,-3.41,1.06804485602033e-14
2,0,0,-0.0444931050296396,0.445213995198702,-3.4,1.56049436950702e-14
2,0,0,-0.0444931050296396,0.445213995198702,-3.39,2.27220818163275e-14
2,0,0,-0.0444931050296396,0.445213995198702,-3.38,3.29728190398052e-14
2,0,0,-0.0444931050296396,0.445213995198702,-3.37,4.76864404753642e-14
2,0,0,-0.0444931050296396,0.445213995198702,-3.36,6.87342810567538e-14
2,0,0,-0.0444931050296396,0.445213995198702,-3.35,9.87416346848734e-14
2,0,0,-0.0444931050296396,0.445213995198702,-3.34,1.41378836547562e-13
2,0,0,-0.0444931050296396,0.445213995198702,-3.33,2.01759681006508e-13
2,0,0,-0.0444931050296396,0.445213995198702,-3.32,2.86984830014567e-13
2,0,0,-0.0444931050296396,0.445213995198702,-3.31,4.06880373558971e-13
2,0,0,-0.0444931050296396,0.445213995198702,-3.3,5.7499811854008e-13
2,0,0,-0.0444931050296396,0.445213995198702,-3.29,8.09965645655209e-13
2,0,0,-0.0444931050296396,0.445213995198702,-3.28,1.1373021318853e-12
2,0,0,-0.0444931050296396,0.445213995198702,-3.27,1.59185221736955e-12
2,0,0,-0.0444931050296396,0.445213995198702,-3.26,2.22103710083136e-12
2,0,0,-0.0444931050296396,0.445213995198702,-3.25,3.08918246120144e-12
2,0,0,-0.0444931050296396,0.445213995198702,-3.24,4.28326032399385e-12
2,0,0,-0.0444931050296396,0.445213995198702,-3.23,5.92048109268864e-12
2,0,0,-0.0444931050296396,0.445213995198702,-3.22,8.15829818410283e-12
2,0,0,-0.0444931050296396,0.445213995198702,-3.21,1.12075478652284e-11
2,0,0,-0.0444931050296396,0.445213995198702,-3.2,1.53496493598086e-11
2,0,0,-0.0444931050296396,0.445213995198702,-3.19,2.09590453065992e-11
2,0,0,-0.0444931050296396,0.445213995198702,-3.18,2.85323826552912e-11
2,0,0,-0.0444931050296396,0.445213995198702,-3.17,3.87263341599544e-11
2,0,0,-0.0444931050296396,0.445213995198702,-3.16,5.24064589624331e-11
2,0,0,-0.0444931050296396,0.445213995198702,-3.15,7.07101191929551e-11
2,0,0,-0.0444931050296396,0.445213995198702,-3.14,9.51272341693398e-11
2,0,0,-0.0444931050296396,0.445213995198702,-3.13,1.27603595737518e-10
2,0,0,-0.0444931050296396,0.445213995198702,-3.12,1.70672624403181e-10
2,0,0,-0.0444931050296396,0.445213995198702,-3.11,2.27622859612581e-10
2,0,0,-0.0444931050296396,0.445213995198702,-3.1,3.02710199873818e-10
2,0,0,-0.0444931050296396,0.445213995198702,-3.09,4.0142599900159e-10
2,0,0,-0.0444931050296396,0.445213995198702,-3.08,5.30834652981581e-10
2,0,0,-0.0444931050296396,0.445213995198702,-3.07,6.99997358080816e-10
2,0,0,-0.0444931050296396,0.445213995198702,-3.06,9.20502377368981e-10
2,0,0,-0.0444931050296396,0.445213995198702,-3.05,1.2071265257734e-09
2,0,0,-0.0444931050296396,0.445213995198702,-3.04,1.5786577940473e-09
2,0,0,-0.0444931050296396,0.445213995198702,-3.03,2.05891521670234e-09
2,0,0,-0.0444931050296396,0.445213995198702,-3.02,2.67800940272735e-09
2,0,0,-0.0444931050296396,0.445213995198702,-3.01,3.47389576432912e-09
2,0,0,-0.0444931050296396,0.445213995198702,-3,4.49428259155382e-09
2,0,0,-0.0444931050296396,0.445213995198702,-2.99,5.79896794409245e-09
2,0,0,-0.0444931050296396,0.445213995198702,-2.98,7.46269310229496e-09
2,0,0,-0.0444931050296396,0.445213995198702,-2.97,9.57861629622368e-09
2,0,0,-0.0444931050296396,0.445213995198702,-2.96,1.22625288957752e-08
2,0,0,-0.0444931050296396,0.445213995198702,-2.95,1.56579574999997e-08
2,0,0,-0.0444931050296396,0.445213995198702,-2.94,1.99423197346245e-08
2,0,0,-0.0444931050296396,0.445213995198702,-2.93,2.53343293982256e-08
2,0,0,-0.0444931050296396,0.445213995198702,-2.92,3.21028782519613e-08
2,0,0,-0.0444931050296396,0.445213995198702,-2.91,4.05776576024634e-08
2,0,0,-0.0444931050296396,0.445213995198702,-2.9,5.11618232702469e-08
2,0,0,-0.0444931050296396,0.445213995198702,-2.89,6.43470529605113e-08
2,0,0,-0.0444931050296396,0.445213995198702,-2.88,8.073139585276e-08
2,0,0,-0.0444931050296396,0.445213995198702,-2.87,1.01040370785924e-07
2,0,0,-0.0444931050296396,0.445213995198702,-2.86,1.26151832106169e-07
2,0,0,-0.0444931050296396,0.445213995198702,-2.85,1.5712519140878e-07
2,0,0,-0.0444931050296396,0.445213995198702,-2.84,1.95235659349829e-07
2,0,0,-0.0444931050296396,0.445213995198702,-2.83,2.42014254684304e-07
2,0,0,-0.0444931050296396,0.445213995198702,-2.82,2.99294417898373e-07
2,0,0,-0.0444931050296396,0.445213995198702,-2.81,3.69266164359245e-07
2,0,0,-0.0444931050296396,0.445213995198702,-2.8,4.54538816827013e-07
2,0,0,-0.0444931050296396,0.445213995198702,-2.79,5.58213469367935e-07
2,0,0,-0.0444931050296396,0.445213995198702,-2.78,6.83966453957437e-07
2,0,0,-0.0444931050296396,0.445213995198702,-2.77,8.36145206996072e-07
2,0,0,-0.0444931050296396,0.445213995198702,-2.76,1.01987806504966e-06
2,0,0,-0.0444931050296396,0.445213995198702,-2.75,1.24119965664831e-06
2,0,0,-0.0444931050296396,0.445213995198702,-2.74,1.50719369902003e-06
2,0,0,-0.0444931050296396,0.445213995198702,-2.73,1.82615515405622e-06
2,0,0,-0.0444931050296396,0.445213995198702,-2.72,2.20777384524066e-06
2,0,0,-0.0444931050296396,0.445213995198702,-2.71,2.66334178510554e-06
2,0,0,-0.0444931050296396,0.445213995198702,-2.7,3.20598660913842e-06
2,0,0,-0.0444931050296396,0.445213995198702,-2.69,3.85093365482048e-06
2,0,0,-0.0444931050296396,0.445213995198702,-2.68,4.61579936123258e-06
2,0,0,-0.0444931050296396,0.445213995198702,-2.67,5.52091879275962e-06
2,0,0,-0.0444931050296396,0.445213995198702,-2.66,6.58971020693743e-06
2,0,0,-0.0444931050296396,0.445213995198702,-2.65,7.84907968825563e-06
2,0,0,-0.0444931050296396,0.445213995198702,-2.64,9.32986895336438e-06
2,0,0,-0.0444931050296396,0.445213995198702,-2.63,1.10673494950357e-05
2,0,0,-0.0444931050296396,0.445213995198702,-2.62,1.31017662686359e-05
2,0,0,-0.0444931050296396,0.445213995198702,-2.61,1.54789341318683e-05
2,0,0,-0.0444931050296396,0.445213995198702,-2.6,1.82508902221607e-05
2,0,0,-0.0444931050296396,0.445213995198702,-2.59,2.14766053922598e-05
2,0,0,-0.0444931050296396,0.445213995198702,-2.58,2.52227577193488e-05
2,0,0,-0.0444931050296396,0.445213995198702,-2.57,2.95645709524024e-05
2,0,0,-0.0444931050296396,0.445213995198702,-2.56,3.45867205627493e-05
2,0,0,-0.0444931050296396,0.445213995198702,-2.55,4.0384309810406e-05
2,0,0,-0.0444931050296396,0.445213995198702,-2.54,4.70639179304204e-05
2,0,0,-0.0444931050296396,0.445213995198702,-2.53,5.47447221763945e-05
2,0,0,-0.0444931050296396,0.445213995198702,-2.52,6.35596950301728e-05
2,0,0,-0.0444931050296396,0.445213995198702,-2.51,7.36568773955826e-05
2,0,0,-0.0444931050296396,0.445213995198702,-2.5,8.52007280389339e-05
2,0,0,-0.0444931050296396,0.445213995198702,-2.49,9.83735489193053e-05
2,0,0,-0.0444931050296396,0.445213995198702,-2.48,0.00011337698536781
2,0,0,-0.0444931050296396,0.445213995198702,-2.47,0.000130433599328318
2,0,0,-0.0444931050296396,0.445213995198702,-2.46,0.00014978851306469
2,0,0,-0.0444931050296396,0.445213995198702,-2.45,0.000171711119874574
2,0,0,-0.0444931050296396,0.445213995198702,-2.44,0.000196496857431505
2,0,0,-0.0444931050296396,0.445213995198702,-2.43,0.000224469038410652
2,0,0,-0.0444931050296396,0.445213995198702,-2.42,0.000255980732045368
2,0,0,-0.0444931050296396,0.445213995198702,-2.41,0.00029141668921925
2,0,0,-0.0444931050296396,0.445213995198702,-2.4,0.000331195302629978
2,0,0,-0.0444931050296396,0.445213995198702,-2.39,0.000375770592476486
2,0,0,-0.0444931050296396,0.445213995198702,-2.38,0.000425634207030245
2,0,0,-0.0444931050296396,0.445213995198702,-2.37,0.000481317426366077
2,0,0,-0.0444931050296396,0.445213995198702,-2.36,0.000543393156460058
2,0,0,-0.0444931050296396,0.445213995198702,-2.35,0.000612477899824482
2,0,0,-0.0444931050296396,0.445213995198702,-2.34,0.000689233687856013
2,0,0,-0.0444931050296396,0.445213995198702,-2.33,0.000774369959136695
2,0,0,-0.0444931050296396,0.445213995198702,-2.32,0.000868645367062564
2,0,0,-0.0444931050296396,0.445213995198702,-2.31,0.000972869499395321
2,0,0,-0.0444931050296396,0.445213995198702,-2.3,0.00108790449165282
2,0,0,-0.0444931050296396,0.445213995198702,-2.29,0.00121466651568788
2,0,0,-0.0444931050296396,0.445213995198702,-2.28,0.00135412712436507
2,0,0,-0.0444931050296396,0.445213995198702,-2.27,0.0015073144329446
2,0,0,-0.0444931050296396,0.445213995198702,-2.26,0.00167531411763261
2,0,0,-0.0444931050296396,0.445213995198702,-2.25,0.00185927021176863
2,0,0,-0.0444931050296396,0.445213995198702,-2.24,0.00206038568030292
2,0,0,-0.0444931050296396,0.445213995198702,-2.23,0.00227992275357718
2,0,0,-0.0444931050296396,0.445213995198702,-2.22,0.00251920300196681
2,0,0,-0.0444931050296396,0.445213995198702,-2.21,0.00277960713367729
2,0,0,-0.0444931050296396,0.445213995198702,-2.2,0.00306257449891273
2,0,0,-0.0444931050296396,0.445213995198702,-2.19,0.00336960228475175
2,0,0,-0.0444931050296396,0.445213995198702,-2.18,0.00370224438637435
2,0,0,-0.0444931050296396,0.445213995198702,-2.17,0.00406210994177709
2,0,0,-0.0444931050296396,0.445213995198702,-2.16,0.00445086151878916
2,0,0,-0.0444931050296396,0.445213995198702,-2.15,0.00487021294504858
2,0,0,-0.0444931050296396,0.445213995198702,-2.14,0.00532192677360716
2,0,0,-0.0444931050296396,0.445213995198702,-2.13,0.00580781137899115
2,0,0,-0.0444931050296396,0.445213995198702,-2.12,0.00632971768083769
2,0,0,-0.0444931050296396,0.445213995198702,-2.11,0.0068895354946389
2,0,0,-0.0444931050296396,0.445213995198702,-2.1,0.00748918951163748
2,0,0,-0.0444931050296396,0.445213995198702,-2.09,0.00813063491251018
2,0,0,-0.0444931050296396,0.445213995198702,-2.08,0.00881585262212702
2,0,0,-0.0444931050296396,0.445213995198702,-2.07,0.00954684421536241
2,0,0,-0.0444931050296396,0.445213995198702,-2.06,0.0103256264866365
2,0,0,-0.0444931050296396,0.445213995198702,-2.05,0.0111542256985563
2,0,0,-0.0444931050296396,0.445213995198702,-2.04,0.012034671527684
2,0,0,-0.0444931050296396,0.445213995198702,-2.03,0.012968990728053
2,0,0,-0.0444931050296396,0.445213995198702,-2.02,0.0139592005355708
2,0,0,-0.0444931050296396,0.445213995198702,-2.01,0.0150073018388467
2,0,0,-0.0444931050296396,0.445213995198702,-2,0.01611527214426
2,0,0,-0.0444931050296396,0.445213995198702,-1.99,0.0172850583652013
2,0,0,-0.0444931050296396,0.445213995198702,-1.98,0.0185185694673629
2,0,0,-0.0444931050296396,0.445213995198702,-1.97,0.0198176690037072
2,0,0,-0.0444931050296396,0.445213995198702,-1.96,0.0211841675742725
2,0,0,-0.0444931050296396,0.445213995198702,-1.95,0.0226198152472865
2,0,0,-0.0444931050296396,0.445213995198702,-1.94,0.0241262939791208
2,0,0,-0.0444931050296396,0.445213995198702,-1.93,0.0257052100714248
2,0,0,-0.0444931050296396,0.445213995198702,-1.92,0.0273580867043255
2,0,0,-0.0444931050296396,0.445213995198702,-1.91,0.0290863565848467
2,0,0,-0.0444931050296396,0.445213995198702,-1.9,0.030891354749701
2,0,0,-0.0444931050296396,0.445213995198702,-1.89,0.0327743115613215
2,0,0,-0.0444931050296396,0.445213995198702,-1.88,0.0347363459354424
2,0,0,-0.0444931050296396,0.445213995198702,-1.87,0.0367784588377031
2,0,0,-0.0444931050296396,0.445213995198702,-1.86,0.0389015270856478
2,0,0,-0.0444931050296396,0.445213995198702,-1.85,0.0411062974911294
2,0,0,-0.0444931050296396,0.445213995198702,-1.84,0.0433933813765171
2,0,0,-0.0444931050296396,0.445213995198702,-1.83,0.0457632494962553
2,0,0,-0.0444931050296396,0.445213995198702,-1.82,0.0482162273932569
2,0,0,-0.0444931050296396,0.445213995198702,-1.81,0.0507524912173323
2,0,0,-0.0444931050296396,0.445213995198702,-1.8,0.0533720640304036
2,0,0,-0.0444931050296396,0.445213995198702,-1.79,0.0560748126206176
2,0,0,-0.0444931050296396,0.445213995198702,-1.78,0.0588604448447073
2,0,0,-0.0444931050296396,0.445213995198702,-1.77,0.0617285075150506
2,0,0,-0.0444931050296396,0.445213995198702,-1.76,0.0646783848448865
2,0,0,-0.0444931050296396,0.445213995198702,-1.75,0.0677092974620738
2,0,0,-0.0444931050296396,0.445213995198702,-1.74,0.0708203019986603
2,0,0,-0.0444931050296396,0.445213995198702,-1.73,0.0740102912603774
2,0,0,-0.0444931050296396,0.445213995198702,-1.72,0.0772779949770231
2,0,0,-0.0444931050296396,0.445213995198702,-1.71,0.0806219811315605
2,0,0,-0.0444931050296396,0.445213995198702,-1.7,0.0840406578626695
2,0,0,-0.0444931050296396,0.445213995198702,-1.69,0.0875322759324581
2,0,0,-0.0444931050296396,0.445213995198702,-1.68,0.0910949317481028
2,0,0,-0.0444931050296396,0.445213995198702,-1.67,0.0947265709233469
2,0,0,-0.0444931050296396,0.445213995198702,-1.66,0.0984249923630728
2,0,0,-0.0444931050296396,0.445213995198702,-1.65,0.1021878528516
2,0,0,-0.0444931050296396,0.445213995198702,-1.64,0.106012672122935
2,0,0,-0.0444931050296396,0.445213995198702,-1.63,0.10989683838897
2,0,0,-0.0444931050296396,0.445213995198702,-1.62,0.113837614299545
2,0,0,-0.0444931050296396,0.445213995198702,-1.61,0.117832143306452
2,0,0,-0.0444931050296396,0.445213995198702,-1.6,0.121877456401758
2,0,0,-0.0444931050296396,0.445213995198702,-1.59,0.125970479199398
2,0,0,-0.0444931050296396,0.445213995198702,-1.58,0.130108039327717
2,0,0,-0.0444931050296396,0.445213995198702,-1.57,0.134286874099642
2,0,0,-0.0444931050296396,0.445213995198702,-1.56,0.138503638426325
2,0,0,-0.0444931050296396,0.445213995198702,-1.55,0.142754912939527
2,0,0,-0.0444931050296396,0.445213995198702,-1.54,0.147037212287623
2,0,0,-0.0444931050296396,0.445213995198702,-1.53,0.151346993569937
2,0,0,-0.0444931050296396,0.445213995198702,-1.52,0.155680664874175
2,0,0,-0.0444931050296396,0.445213995198702,-1.51,0.160034593881935
2,0,0,-0.0444931050296396,0.445213995198702,-1.5,0.164405116507714
2,0,0,-0.0444931050296396,0.445213995198702,-1.49,0.168788545537458
2,0,0,-0.0444931050296396,0.445213995198702,-1.48,0.173181179233449
2,0,0,-0.0444931050296396,0.445213995198702,-1.47,0.177579309873309
2,0,0,-0.0444931050296396,0.445213995198702,-1.46,0.181979232191967
2,0,0,-0.0444931050296396,0.445213995198702,-1.45,0.186377251696679
2,0,0,-0.0444931050296396,0.445213995198702,-1.44,0.190769692826544
2,0,0,-0.0444931050296396,0.445213995198702,-1.43,0.195152906929441
2,0,0,-0.0444931050296396,0.445213995198702,-1.42,0.19952328003085
2,0,0,-0.0444931050296396,0.445213995198702,-1.41,0.203877240370703
2,0,0,-0.0444931050296396,0.445213995198702,-1.4,0.208211265686121
2,0,0,-0.0444931050296396,0.445213995198702,-1.39,0.212521890219655
2,0,0,-0.0444931050296396,0.445213995198702,-1.38,0.216805711434508
2,0,0,-0.0444931050296396,0.445213995198702,-1.37,0.221059396420039
2,0,0,-0.0444931050296396,0.445213995198702,-1.36,0.225279687972746
2,0,0,-0.0444931050296396,0.445213995198702,-1.35,0.229463410339789
2,0,0,-0.0444931050296396,0.445213995198702,-1.34,0.233607474614
2,0,0,-0.0444931050296396,0.445213995198702,-1.33,0.23770888377119
2,0,0,-0.0444931050296396,0.445213995198702,-1.32,0.241764737342389
2,0,0,-0.0444931050296396,0.445213995198702,-1.31,0.245772235715445
2,0,0,-0.0444931050296396,0.445213995198702,-1.3,0.249728684062201
2,0,0,-0.0444931050296396,0.445213995198702,-1.29,0.253631495889105
2,0,0,-0.0444931050296396,0.445213995198702,-1.28,0.257478196210813
2,0,0,-0.0444931050296396,0.445213995198702,-1.27,0.261266424347877
2,0,0,-0.0444931050296396,0.445213995198702,-1.26,0.264993936351125
2,0,0,-0.0444931050296396,0.445213995198702,-1.25,0.268658607056763
2,0,0,-0.0444931050296396,0.445213995198702,-1.24,0.272258431777572
2,0,0,-0.0444931050296396,0.445213995198702,-1.23,0.275791527636821
2,0,0,-0.0444931050296396,0.445213995198702,-1.22,0.279256134552692
2,0,0,-0.0444931050296396,0.445213995198702,-1.21,0.282650615882094
2,0,0,-0.0444931050296396,0.445213995198702,-1.2,0.285973458733708
2,0,0,-0.0444931050296396,0.445213995198702,-1.19,0.289223273961037
2,0,0,-0.0444931050296396,0.445213995198702,-1.18,0.292398795846992
2,0,0,-0.0444931050296396,0.445213995198702,-1.17,0.295498881492291
2,0,0,-0.0444931050296396,0.445213995198702,-1.16,0.298522509920552
2,0,0,-0.0444931050296396,0.445213995198702,-1.15,0.301468780913478
2,0,0,-0.0444931050296396,0.445213995198702,-1.14,0.304336913590017
2,0,0,-0.0444931050296396,0.445213995198702,-1.13,0.307126244743677
2,0,0,-0.0444931050296396,0.445213995198702,-1.12,0.309836226952513
2,0,0,-0.0444931050296396,0.445213995198702,-1.11,0.312466426476461
2,0,0,-0.0444931050296396,0.445213995198702,-1.1,0.315016520956829
2,0,0,-0.0444931050296396,0.445213995198702,-1.09,0.3174862969328
2,0,0,-0.0444931050296396,0.445213995198702,-1.08,0.319875647189805
2,0,0,-0.0444931050296396,0.445213995198702,-1.07,0.322184567954511
2,0,0,-0.0444931050296396,0.445213995198702,-1.06,0.324413155951039
2,0,0,-0.0444931050296396,0.445213995198702,-1.05,0.326561605332857
2,0,0,-0.0444931050296396,0.445213995198702,-1.04,0.328630204504495
2,0,0,-0.0444931050296396,0.445213995198702,-1.03,0.330619332846974
2,0,0,-0.0444931050296396,0.445213995198702,-1.02,0.332529457360481
2,0,0,-0.0444931050296396,0.445213995198702,-1.01,0.334361129237462
2,0,0,-0.0444931050296396,0.445213995198702,-1,0.33611498037887
2,0,0,-0.0444931050296396,0.445213995198702,-0.99,0.337791719865884
2,0,0,-0.0444931050296396,0.445213995198702,-0.98,0.339392130398941
2,0,0,-0.0444931050296396,0.445213995198702,-0.97,0.340917064715428
2,0,0,-0.0444931050296396,0.445213995198702,-0.96,0.342367441996869
2,0,0,-0.0444931050296396,0.445213995198702,-0.95,0.34374424427594
2,0,0,-0.0444931050296396,0.445213995198702,-0.94,0.345048512853069
2,0,0,-0.0444931050296396,0.445213995198702,-0.93,0.346281344731875
2,0,0,-0.0444931050296396,0.445213995198702,-0.92,0.347443889082123
2,0,0,-0.0444931050296396,0.445213995198702,-0.91,0.348537343738331
2,0,0,-0.0444931050296396,0.445213995198702,-0.9,0.3495629517416
2,0,0,-0.0444931050296396,0.445213995198702,-0.89,0.35052199793172
2,0,0,-0.0444931050296396,0.445213995198702,-0.88,0.351415805596014
2,0,0,-0.0444931050296396,0.445213995198702,-0.87,0.352245733180885
2,0,0,-0.0444931050296396,0.445213995198702,-0.86,0.353013171071483
2,0,0,-0.0444931050296396,0.445213995198702,-0.85,0.353719538444401
2,0,0,-0.0444931050296396,0.445213995198702,-0.84,0.354366280197794
2,0,0,-0.0444931050296396,0.445213995198702,-0.83,0.354954863962829
2,0,0,-0.0444931050296396,0.445213995198702,-0.82,0.355486777199915
2,0,0,-0.0444931050296396,0.445213995198702,-0.81,0.355963524382665
2,0,0,-0.0444931050296396,0.445213995198702,-0.8,0.356386624272148
2,0,0,-0.0444931050296396,0.445213995198702,-0.79,0.35675760728351
2,0,0,-0.0444931050296396,0.445213995198702,-0.78,0.357078012946703
2,0,0,-0.0444931050296396,0.445213995198702,-0.77,0.357349387462594
2,0,0,-0.0444931050296396,0.445213995198702,-0.76,0.357573281355449
2,0,0,-0.0444931050296396,0.445213995198702,-0.75,0.357751247222348
2,0,0,-0.0444931050296396,0.445213995198702,-0.74,0.357884837579838
2,0,0,-0.0444931050296396,0.445213995198702,-0.73,0.357975602807766
2,0,0,-0.0444931050296396,0.445213995198702,-0.72,0.35802508918997
2,0,0,-0.0444931050296396,0.445213995198702,-0.71,0.358034837051241
2,0,0,-0.0444931050296396,0.445213995198702,-0.7,0.358006378989694
2,0,0,-0.0444931050296396,0.445213995198702,-0.69,0.357941238203484
2,0,0,-0.0444931050296396,0.445213995198702,-0.68,0.357840926910571
2,0,0,-0.0444931050296396,0.445213995198702,-0.67,0.357706944860035
2,0,0,-0.0444931050296396,0.445213995198702,-0.66,0.357540777933299
2,0,0,-0.0444931050296396,0.445213995198702,-0.65,0.357343896833408
2,0,0,-0.0444931050296396,0.445213995198702,-0.64,0.357117755860422
2,0,0,-0.0444931050296396,0.445213995198702,-0.63,0.356863791770791
2,0,0,-0.0444931050296396,0.445213995198702,-0.62,0.356583422718531
2,0,0,-0.0444931050296396,0.445213995198702,-0.61,0.356278047275864
2,0,0,-0.0444931050296396,0.445213995198702,-0.6,0.355949043530944
2,0,0,-0.0444931050296396,0.445213995198702,-0.59,0.35559776826018
2,0,0,-0.0444931050296396,0.445213995198702,-0.58,0.355225556172653
2,0,0,-0.0444931050296396,0.445213995198702,-0.57,0.354833719224015
2,0,0,-0.0444931050296396,0.445213995198702,-0.56,0.354423545997298
2,0,0,-0.0444931050296396,0.445213995198702,-0.55,0.353996301147955
2,0,0,-0.0444931050296396,0.445213995198702,-0.54,0.353553224910503
2,0,0,-0.0444931050296396,0.445213995198702,-0.53,0.353095532664091
2,0,0,-0.0444931050296396,0.445213995198702,-0.52,0.352624414554338
2,0,0,-0.0444931050296396,0.445213995198702,-0.51,0.352141035168781
2,0,0,-0.0444931050296396,0.445213995198702,-0.5,0.351646533263298
2,0,0,-0.0444931050296396,0.445213995198702,-0.49,0.351142021536902
2,0,0,-0.0444931050296396,0.445213995198702,-0.48,0.350628586452299
2,0,0,-0.0444931050296396,0.445213995198702,-0.47,0.35010728809968
2,0,0,-0.0444931050296396,0.445213995198702,-0.46,0.349579160101222
2,0,0,-0.0444931050296396,0.445213995198702,-0.45,0.349045209553841
2,0,0,-0.0444931050296396,0.445213995198702,-0.44,0.348506417007765
2,0,0,-0.0444931050296396,0.445213995198702,-0.43,0.347963736478571
2,0,0,-0.0444931050296396,0.445213995198702,-0.42,0.347418095490362
2,0,0,-0.0444931050296396,0.445213995198702,-0.41,0.346870395147833
2,0,0,-0.0444931050296396,0.445213995198702,-0.4,0.346321510235035
2,0,0,-0.0444931050296396,0.445213995198702,-0.39,0.34577228933868
2,0,0,-0.0444931050296396,0.445213995198702,-0.38,0.345223554993942
2,0,0,-0.0444931050296396,0.445213995198702,-0.37,0.344676103850724
2,0,0,-0.0444931050296396,0.445213995198702,-0.36,0.344130706858457
2,0,0,-0.0444931050296396,0.445213995198702,-0.35,0.343588109467556
2,0,0,-0.0444931050296396,0.445213995198702,-0.34,0.343049031845708
2,0,0,-0.0444931050296396,0.445213995198702,-0.33,0.342514169107269
2,0,0,-0.0444931050296396,0.445213995198702,-0.32,0.341984191554068
2,0,0,-0.0444931050296396,0.445213995198702,-0.31,0.341459744926022
2,0,0,-0.0444931050296396,0.445213995198702,-0.3,0.340941450660013
2,0,0,-0.0444931050296396,0.445213995198702,-0.29,0.340429906155535
2,0,0,-0.0444931050296396,0.445213995198702,-0.28,0.339925685045706
2,0,0,-0.0444931050296396,0.445213995198702,-0.27,0.339429337472291
2,0,0,-0.0444931050296396,0.445213995198702,-0.26,0.338941390363435
2,0,0,-0.0444931050296396,0.445213995198702,-0.25,0.33846234771289
2,0,0,-0.0444931050296396,0.445213995198702,-0.24,0.337992690859554
2,0,0,-0.0444931050296396,0.445213995198702,-0.23,0.33753287876623
2,0,0,-0.0444931050296396,0.445213995198702,-0.22,0.337083348296539
2,0,0,-0.0444931050296396,0.445213995198702,-0.21,0.336644514488998
2,0,0,-0.0444931050296396,0.445213995198702,-0.2,0.336216770827326
2,0,0,-0.0444931050296396,0.445213995198702,-0.19,0.335800489506097
2,0,0,-0.0444931050296396,0.445213995198702,-0.18,0.335396021690895
2,0,0,-0.0444931050296396,0.445213995198702,-0.17,0.335003697772211
2,0,0,-0.0444931050296396,0.445213995198702,-0.16,0.334623827612333
2,0,0,-0.0444931050296396,0.445213995198702,-0.15,0.334256700784559
2,0,0,-0.0444931050296396,0.445213995198702,-0.14,0.3339025868041
2,0,0,-0.0444931050296396,0.445213995198702,-0.13,0.333561735350076
2,0,0,-0.0444931050296396,0.445213995198702,-0.12,0.33323437647808
2,0,0,-0.0444931050296396,0.445213995198702,-0.11,0.332920720822787
2,0,0,-0.0444931050296396,0.445213995198702,-0.1,0.332620959790183
2,0,0,-0.0444931050296396,0.445213995198702,-0.0899999999999999,0.332335265738969
2,0,0,-0.0444931050296396,0.445213995198702,-0.0800000000000001,0.33206379215079
2,0,0,-0.0444931050296396,0.445213995198702,-0.0699999999999998,0.331806673788947
2,0,0,-0.0444931050296396,0.445213995198702,-0.06,0.331564026845288
2,0,0,-0.0444931050296396,0.445213995198702,-0.0499999999999998,0.331335949075037
2,0,0,-0.0444931050296396,0.445213995198702,-0.04,0.331122519919329
2,0,0,-0.0444931050296396,0.445213995198702,-0.0299999999999998,0.33092380061527
2,0,0,-0.0444931050296396,0.445213995198702,-0.02,0.330739834293372
2,0,0,-0.0444931050296396,0.445213995198702,-0.00999999999999979,0.33057064606226
2,0,0,-0.0444931050296396,0.445213995198702,0,0.33041624308055
2,0,0,-0.0444931050296396,0.445213995198702,0.00999999999999979,0.330276614615883
2,0,0,-0.0444931050296396,0.445213995198702,0.0200000000000005,0.330151732091076
2,0,0,-0.0444931050296396,0.445213995198702,0.0300000000000002,0.330041549117432
2,0,0,-0.0444931050296396,0.445213995198702,0.04,0.329946001515265
2,0,0,-0.0444931050296396,0.445213995198702,0.0499999999999998,0.329865007321712
2,0,0,-0.0444931050296396,0.445213995198702,0.0600000000000005,0.329798466785978
2,0,0,-0.0444931050296396,0.445213995198702,0.0700000000000003,0.329746262352162
2,0,0,-0.0444931050296396,0.445213995198702,0.0800000000000001,0.329708258629843
2,0,0,-0.0444931050296396,0.445213995198702,0.0899999999999999,0.329684302352671
2,0,0,-0.0444931050296396,0.445213995198702,0.0999999999999996,0.329674222325205
2,0,0,-0.0444931050296396,0.445213995198702,0.11,0.329677829358295
2,0,0,-0.0444931050296396,0.445213995198702,0.12,0.329694916193342
2,0,0,-0.0444931050296396,0.445213995198702,0.13,0.329725257415787
2,0,0,-0.0444931050296396,0.445213995198702,0.14,0.329768609358233
2,0,0,-0.0444931050296396,0.445213995198702,0.15,0.329824709993643
2,0,0,-0.0444931050296396,0.445213995198702,0.16,0.329893278819066
2,0,0,-0.0444931050296396,0.445213995198702,0.17,0.329974016730429
2,0,0,-0.0444931050296396,0.445213995198702,0.18,0.330066605888909
2,0,0,-0.0444931050296396,0.445213995198702,0.19,0.330170709579512
2,0,0,-0.0444931050296396,0.445213995198702,0.2,0.330285972062447
2,0,0,-0.0444931050296396,0.445213995198702,0.21,0.330412018417999
2,0,0,-0.0444931050296396,0.445213995198702,0.22,0.330548454385593
2,0,0,-0.0444931050296396,0.445213995198702,0.23,0.330694866197799
2,0,0,-0.0444931050296396,0.445213995198702,0.24,0.330850820410103
2,0,0,-0.0444931050296396,0.445213995198702,0.25,0.331015863727248
2,0,0,-0.0444931050296396,0.445213995198702,0.26,0.331189522827069
2,0,0,-0.0444931050296396,0.445213995198702,0.27,0.331371304182739
2,0,0,-0.0444931050296396,0.445213995198702,0.28,0.331560693884406
2,0,0,-0.0444931050296396,0.445213995198702,0.29,0.33175715746127
2,0,0,-0.0444931050296396,0.445213995198702,0.3,0.33196013970516
2,0,0,-0.0444931050296396,0.445213995198702,0.31,0.332169064496756
2,0,0,-0.0444931050296396,0.445213995198702,0.32,0.33238333463563
2,0,0,-0.0444931050296396,0.445213995198702,0.33,0.332602331675345
2,0,0,-0.0444931050296396,0.445213995198702,0.34,0.332825415764889
2,0,0,-0.0444931050296396,0.445213995198702,0.350000000000001,0.333051925497788
2,0,0,-0.0444931050296396,0.445213995198702,0.36,0.333281177770286
2,0,0,-0.0444931050296396,0.445213995198702,0.37,0.333512467650033
2,0,0,-0.0444931050296396,0.445213995198702,0.38,0.333745068256781
2,0,0,-0.0444931050296396,0.445213995198702,0.39,0.333978230656633
2,0,0,-0.0444931050296396,0.445213995198702,0.4,0.334211183771451
2,0,0,-0.0444931050296396,0.445213995198702,0.41,0.334443134305075
2,0,0,-0.0444931050296396,0.445213995198702,0.42,0.33467326668806
2,0,0,-0.0444931050296396,0.445213995198702,0.43,0.334900743042686
2,0,0,-0.0444931050296396,0.445213995198702,0.44,0.335124703170053
2,0,0,-0.0444931050296396,0.445213995198702,0.45,0.335344264561107
2,0,0,-0.0444931050296396,0.445213995198702,0.46,0.33555852243351
2,0,0,-0.0444931050296396,0.445213995198702,0.47,0.335766549796293
2,0,0,-0.0444931050296396,0.445213995198702,0.48,0.335967397544276
2,0,0,-0.0444931050296396,0.445213995198702,0.49,0.336160094584304
2,0,0,-0.0444931050296396,0.445213995198702,0.5,0.336343647995343
2,0,0,-0.0444931050296396,0.445213995198702,0.51,0.336517043224549
2,0,0,-0.0444931050296396,0.445213995198702,0.52,0.336679244321432
2,0,0,-0.0444931050296396,0.445213995198702,0.53,0.336829194212284
2,0,0,-0.0444931050296396,0.445213995198702,0.54,0.336965815017028
2,0,0,-0.0444931050296396,0.445213995198702,0.55,0.337088008410706
2,0,0,-0.0444931050296396,0.445213995198702,0.56,0.337194656031784
2,0,0,-0.0444931050296396,0.445213995198702,0.57,0.337284619939511
2,0,0,-0.0444931050296396,0.445213995198702,0.58,0.337356743122517
2,0,0,-0.0444931050296396,0.445213995198702,0.59,0.337409850060865
2,0,0,-0.0444931050296396,0.445213995198702,0.6,0.337442747343735
2,0,0,-0.0444931050296396,0.445213995198702,0.61,0.337454224344901
2,0,0,-0.0444931050296396,0.445213995198702,0.62,0.337443053958133
2,0,0,-0.0444931050296396,0.445213995198702,0.63,0.337407993394605
2,0,0,-0.0444931050296396,0.445213995198702,0.64,0.33734778504435
2,0,0,-0.0444931050296396,0.445213995198702,0.65,0.337261157403742
2,0,0,-0.0444931050296396,0.445213995198702,0.66,0.337146826070886
2,0,0,-0.0444931050296396,0.445213995198702,0.67,0.337003494810777
2,0,0,-0.0444931050296396,0.445213995198702,0.68,0.336829856691907
2,0,0,-0.0444931050296396,0.445213995198702,0.69,0.336624595295977
2,0,0,-0.0444931050296396,0.445213995198702,0.7,0.336386386002188
2,0,0,-0.0444931050296396,0.445213995198702,0.71,0.336113897347496
2,0,0,-0.0444931050296396,0.445213995198702,0.72,0.335805792464031
2,0,0,-0.0444931050296396,0.445213995198702,0.73,0.335460730594748
2,0,0,-0.0444931050296396,0.445213995198702,0.74,0.335077368688194
2,0,0,-0.0444931050296396,0.445213995198702,0.75,0.334654363073076
2,0,0,-0.0444931050296396,0.445213995198702,0.76,0.334190371213114
2,0,0,-0.0444931050296396,0.445213995198702,0.77,0.333684053542444
2,0,0,-0.0444931050296396,0.445213995198702,0.78,0.333134075381604
2,0,0,-0.0444931050296396,0.445213995198702,0.79,0.332539108933859
2,0,0,-0.0444931050296396,0.445213995198702,0.8,0.331897835361377
2,0,0,-0.0444931050296396,0.445213995198702,0.81,0.331208946940479
2,0,0,-0.0444931050296396,0.445213995198702,0.82,0.330471149294861
2,0,0,-0.0444931050296396,0.445213995198702,0.83,0.329683163705403
2,0,0,-0.0444931050296396,0.445213995198702,0.84,0.32884372949482
2,0,0,-0.0444931050296396,0.445213995198702,0.85,0.327951606485074
2,0,0,-0.0444931050296396,0.445213995198702,0.86,0.327005577525102
2,0,0,-0.0444931050296396,0.445213995198702,0.87,0.326004451086038
2,0,0,-0.0444931050296396,0.445213995198702,0.88,0.324947063920711
2,0,0,-0.0444931050296396,0.445213995198702,0.89,0.323832283783808
2,0,0,-0.0444931050296396,0.445213995198702,0.9,0.322659012208668
2,0,0,-0.0444931050296396,0.445213995198702,0.91,0.321426187336252
2,0,0,-0.0444931050296396,0.445213995198702,0.92,0.320132786791392
2,0,0,-0.0444931050296396,0.445213995198702,0.93,0.318777830601
2,0,0,-0.0444931050296396,0.445213995198702,0.94,0.317360384148435
2,0,0,-0.0444931050296396,0.445213995198702,0.95,0.315879561157813
2,0,0,-0.0444931050296396,0.445213995198702,0.96,0.314334526701548
2,0,0,-0.0444931050296396,0.445213995198702,0.97,0.312724500223995
2,0,0,-0.0444931050296396,0.445213995198702,0.98,0.311048758573569
2,0,0,-0.0444931050296396,0.445213995198702,0.99,0.309306639035301
2,0,0,-0.0444931050296396,0.445213995198702,1,0.307497542355317
2,0,0,-0.0444931050296396,0.445213995198702,1.01,0.305620935748303
2,0,0,-0.0444931050296396,0.445213995198702,1.02,0.303676355878585
2,0,0,-0.0444931050296396,0.445213995198702,1.03,0.301663411805057
2,0,0,-0.0444931050296396,0.445213995198702,1.04,0.299581787879767
2,0,0,-0.0444931050296396,0.445213995198702,1.05,0.297431246589628
2,0,0,-0.0444931050296396,0.445213995198702,1.06,0.295211631330358
2,0,0,-0.0444931050296396,0.445213995198702,1.07,0.29292286910142
2,0,0,-0.0444931050296396,0.445213995198702,1.08,0.290564973110451
2,0,0,-0.0444931050296396,0.445213995198702,1.09,0.288138045275429
2,0,0,-0.0444931050296396,0.445213995198702,1.1,0.285642278612552
2,0,0,-0.0444931050296396,0.445213995198702,1.11,0.28307795949769
2,0,0,-0.0444931050296396,0.445213995198702,1.12,0.280445469789078
2,0,0,-0.0444931050296396,0.445213995198702,1.13,0.277745288798869
2,0,0,-0.0444931050296396,0.445213995198702,1.14,0.274977995101107
2,0,0,-0.0444931050296396,0.445213995198702,1.15,0.272144268163702
2,0,0,-0.0444931050296396,0.445213995198702,1.16,0.269244889792083
2,0,0,-0.0444931050296396,0.445213995198702,1.17,0.266280745372302
2,0,0,-0.0444931050296396,0.445213995198702,1.18,0.263252824901618
2,0,0,-0.0444931050296396,0.445213995198702,1.19,0.260162223794801
2,0,0,-0.0444931050296396,0.445213995198702,1.2,0.257010143454778
2,0,0,-0.0444931050296396,0.445213995198702,1.21,0.253797891596614
2,0,0,-0.0444931050296396,0.445213995198702,1.22,0.250526882314336
2,0,0,-0.0444931050296396,0.445213995198702,1.23,0.247198635880635
2,0,0,-0.0444931050296396,0.445213995198702,1.24,0.243814778270134
2,0,0,-0.0444931050296396,0.445213995198702,1.25,0.24037704039759
2,0,0,-0.0444931050296396,0.445213995198702,1.26,0.236887257063216
2,0,0,-0.0444931050296396,0.445213995198702,1.27,0.233347365598148
2,0,0,-0.0444931050296396,0.445213995198702,1.28,0.22975940420402
2,0,0,-0.0444931050296396,0.445213995198702,1.29,0.226125509981616
2,0,0,-0.0444931050296396,0.445213995198702,1.3,0.222447916644674
2,0,0,-0.0444931050296396,0.445213995198702,1.31,0.218728951916039
2,0,0,-0.0444931050296396,0.445213995198702,1.32,0.214971034604609
2,0,0,-0.0444931050296396,0.445213995198702,1.33,0.211176671362766
2,0,0,-0.0444931050296396,0.445213995198702,1.34,0.207348453125375
2,0,0,-0.0444931050296396,0.445213995198702,1.35,0.203489051232772
2,0,0,-0.0444931050296396,0.445213995198702,1.36,0.199601213241664
2,0,0,-0.0444931050296396,0.445213995198702,1.37,0.195687758429287
2,0,0,-0.0444931050296396,0.445213995198702,1.38,0.191751572997746
2,0,0,-0.0444931050296396,0.445213995198702,1.39,0.187795604986965
2,0,0,-0.0444931050296396,0.445213995198702,1.4,0.183822858906266
2,0,0,-0.0444931050296396,0.445213995198702,1.41,0.179836390096157
2,0,0,-0.0444931050296396,0.445213995198702,1.42,0.175839298833494
2,0,0,-0.0444931050296396,0.445213995198702,1.43,0.171834724194754
2,0,0,-0.0444931050296396,0.445213995198702,1.44,0.167825837693698
2,0,0,-0.0444931050296396,0.445213995198702,1.45,0.163815836711223
2,0,0,-0.0444931050296396,0.445213995198702,1.46,0.159807937736687
2,0,0,-0.0444931050296396,0.445213995198702,1.47,0.155805369441433
2,0,0,-0.0444931050296396,0.445213995198702,1.48,0.151811365606563
2,0,0,-0.0444931050296396,0.445213995198702,1.49,0.14782915792837
2,0,0,-0.0444931050296396,0.445213995198702,1.5,0.14386196872597
2,0,0,-0.0444931050296396,0.445213995198702,1.51,0.139913003576862
2,0,0,-0.0444931050296396,0.445213995198702,1.52,0.135985443907087
2,0,0,-0.0444931050296396,0.445213995198702,1.53,0.132082439563585
2,0,0,-0.0444931050296396,0.445213995198702,1.54,0.128207101397091
2,0,0,-0.0444931050296396,0.445213995198702,1.55,0.124362493884538
2,0,0,-0.0444931050296396,0.445213995198702,1.56,0.120551627820406
2,0,0,-0.0444931050296396,0.445213995198702,1.57,0.116777453106796
2,0,0,-0.0444931050296396,0.445213995198702,1.58,0.113042851672131
2,0,0,-0.0444931050296396,0.445213995198702,1.59,0.109350630548419
2,0,0,-0.0444931050296396,0.445213995198702,1.6,0.10570351513681
2,0,0,-0.0444931050296396,0.445213995198702,1.61,0.102104142690813
2,0,0,-0.0444931050296396,0.445213995198702,1.62,0.0985550560460089
2,0,0,-0.0444931050296396,0.445213995198702,1.63,0.0950586976243751
2,0,0,-0.0444931050296396,0.445213995198702,1.64,0.0916174037404228
2,0,0,-0.0444931050296396,0.445213995198702,1.65,0.0882333992352644
2,0,0,-0.0444931050296396,0.445213995198702,1.66,0.0849087924634658
2,0,0,-0.0444931050296396,0.445213995198702,1.67,0.0816455706560926
2,0,0,-0.0444931050296396,0.445213995198702,1.68,0.0784455956817576
2,0,0,-0.0444931050296396,0.445213995198702,1.69,0.0753106002257009
2,0,0,-0.0444931050296396,0.445213995198702,1.7,0.0722421844050151
2,0,0,-0.0444931050296396,0.445213995198702,1.71,0.0692418128360578
2,0,0,-0.0444931050296396,0.445213995198702,1.72,0.0663108121679078
2,0,0,-0.0444931050296396,0.445213995198702,1.73,0.0634503690933981
2,0,0,-0.0444931050296396,0.445213995198702,1.74,0.0606615288468504
2,0,0,-0.0444931050296396,0.445213995198702,1.75,0.0579451941951285
2,0,0,-0.0444931050296396,0.445213995198702,1.76,0.0553021249260591
2,0,0,-0.0444931050296396,0.445213995198702,1.77,0.0527329378356385
2,0,0,-0.0444931050296396,0.445213995198702,1.78,0.0502381072127872
2,0,0,-0.0444931050296396,0.445213995198702,1.79,0.0478179658177345
2,0,0,-0.0444931050296396,0.445213995198702,1.8,0.0454727063474512
2,0,0,-0.0444931050296396,0.445213995198702,1.81,0.0432023833788996
2,0,0,-0.0444931050296396,0.445213995198702,1.82,0.04100691577827
2,0,0,-0.0444931050296396,0.445213995198702,1.83,0.038886089561836
2,0,0,-0.0444931050296396,0.445213995198702,1.84,0.0368395611916186
2,0,0,-0.0444931050296396,0.445213995198702,1.85,0.0348668612866923
2,0,0,-0.0444931050296396,0.445213995198702,1.86,0.0329673987287546
2,0,0,-0.0444931050296396,0.445213995198702,1.87,0.0311404651384894
2,0,0,-0.0444931050296396,0.445213995198702,1.88,0.0293852396973405
2,0,0,-0.0444931050296396,0.445213995198702,1.89,0.0277007942875538
2,0,0,-0.0444931050296396,0.445213995198702,1.9,0.0260860989217883
2,0,0,-0.0444931050296396,0.445213995198702,1.91,0.0245400274322336
2,0,0,-0.0444931050296396,0.445213995198702,1.92,0.023061363388017
2,0,0,-0.0444931050296396,0.445213995198702,1.93,0.0216488062087574
2,0,0,-0.0444931050296396,0.445213995198702,1.94,0.0203009774414136
2,0,0,-0.0444931050296396,0.445213995198702,1.95,0.019016427167107
2,0,0,-0.0444931050296396,0.445213995198702,1.96,0.0177936405043584
2,0,0,-0.0444931050296396,0.445213995198702,1.97,0.0166310441751782
2,0,0,-0.0444931050296396,0.445213995198702,1.98,0.015527013100683
2,0,0,-0.0444931050296396,0.445213995198702,1.99,0.0144798769933732
2,0,0,-0.0444931050296396,0.445213995198702,2,0.0134879269138935
2,0,0,-0.0444931050296396,0.445213995198702,2.01,0.0125494217610057
2,0,0,-0.0444931050296396,0.445213995198702,2.02,0.0116625946646115
2,0,0,-0.0444931050296396,0.445213995198702,2.03,0.0108256592529712
2,0,0,-0.0444931050296396,0.445213995198702,2.04,0.0100368157667527
2,0,0,-0.0444931050296396,0.445213995198702,2.05,0.00929425699419824
2,0,0,-0.0444931050296396,0.445213995198702,2.06,0.00859617400350402
2,0,0,-0.0444931050296396,0.445213995198702,2.07,0.00794076165044015
2,0,0,-0.0444931050296396,0.445213995198702,2.08,0.00732622384129135
2,0,0,-0.0444931050296396,0.445213995198702,2.09,0.00675077853334126
2,0,0,-0.0444931050296396,0.445213995198702,2.1,0.00621266245733808
2,0,0,-0.0444931050296396,0.445213995198702,2.11,0.00571013554864998
2,0,0,-0.0444931050296396,0.445213995198702,2.12,0.00524148507611679
2,0,0,-0.0444931050296396,0.445213995198702,2.13,0.00480502945991817
2,0,0,-0.0444931050296396,0.445213995198702,2.14,0.00439912177207805
2,0,0,-0.0444931050296396,0.445213995198702,2.15,0.00402215291549899
2,0,0,-0.0444931050296396,0.445213995198702,2.16,0.00367255447964298
2,0,0,-0.0444931050296396,0.445213995198702,2.17,0.00334880127313416
2,0,0,-0.0444931050296396,0.445213995198702,2.18,0.00304941353563164
2,0,0,-0.0444931050296396,0.445213995198702,2.19,0.00277295883329644
2,0,0,-0.0444931050296396,0.445213995198702,2.2,0.00251805364403834
2,0,0,-0.0444931050296396,0.445213995198702,2.21,0.00228336464046362
2,0,0,-0.0444931050296396,0.445213995198702,2.22,0.00206760968004532
2,0,0,-0.0444931050296396,0.445213995198702,2.23,0.0018695585134898
2,0,0,-0.0444931050296396,0.445213995198702,2.24,0.00168803322357475
2,0,0,-0.0444931050296396,0.445213995198702,2.25,0.00152190840787528
2,0,0,-0.0444931050296396,0.445213995198702,2.26,0.00137011111977539
2,0,0,-0.0444931050296396,0.445213995198702,2.27,0.00123162058297748
2,0,0,-0.0444931050296396,0.445213995198702,2.28,0.00110546769537635
2,0,0,-0.0444931050296396,0.445213995198702,2.29,0.000990734338653891
2,0,0,-0.0444931050296396,0.445213995198702,2.3,0.000886552510284088
2,0,0,-0.0444931050296396,0.445213995198702,2.31,0.000792103294816361
2,0,0,-0.0444931050296396,0.445213995198702,2.32,0.00070661569133769
2,0,0,-0.0444931050296396,0.445213995198702,2.33,0.00062936531390634
2,0,0,-0.0444931050296396,0.445213995198702,2.34,0.000559672981512433
2,0,0,-0.0444931050296396,0.445213995198702,2.35,0.000496903213761384
2,0,0,-0.0444931050296396,0.445213995198702,2.36,0.000440462648007353
2,0,0,-0.0444931050296396,0.445213995198702,2.37,0.000389798393095189
2,0,0,-0.0444931050296396,0.445213995198702,2.38,0.000344396334213605
2,0,0,-0.0444931050296396,0.445213995198702,2.39,0.000303779402630329
2,0,0,-0.0444931050296396,0.445213995198702,2.4,0.00026750582328471
2,0,0,-0.0444931050296396,0.445213995198702,2.41,0.000235167352365981
2,0,0,-0.0444931050296396,0.445213995198702,2.42,0.000206387516118408
2,0,0,-0.0444931050296396,0.445213995198702,2.43,0.000180819861198968
2,0,0,-0.0444931050296396,0.445213995198702,2.44,0.000158146225980339
2,0,0,-0.0444931050296396,0.445213995198702,2.45,0.00013807504125224
2,0,0,-0.0444931050296396,0.445213995198702,2.46,0.000120339667837237
2,0,0,-0.0444931050296396,0.445213995198702,2.47,0.000104696777712429
2,0,0,-0.0444931050296396,0.445213995198702,2.48,9.09247843238928e-05
2,0,0,-0.0444931050296396,0.445213995198702,2.49,7.88223269041347e-05
2,0,0,-0.0444931050296396,0.445213995198702,2.5,6.82068127604414e-05
2,0,0,-0.0444931050296396,0.445213995198702,2.51,5.89130206997288e-05
2,0,0,-0.0444931050296396,0.445213995198702,2.52,5.07917679978453e-05
2,0,0,-0.0444931050296396,0.445213995198702,2.53,4.37086426122764e-05
2,0,0,-0.0444931050296396,0.445213995198702,2.54,3.75428016796404e-05
2,0,0,-0.0444931050296396,0.445213995198702,2.55,3.21858367354654e-05
2,0,0,-0.0444931050296396,0.445213995198702,2.56,2.75407055446574e-05
2,0,0,-0.0444931050296396,0.445213995198702,2.57,2.35207299374504e-05
2,0,0,-0.0444931050296396,0.445213995198702,2.58,2.00486586072e-05
2,0,0,-0.0444931050296396,0.445213995198702,2.59,1.70557934423905e-05
2,0,0,-0.0444931050296396,0.445213995198702,2.6,1.44811776342266e-05
2,0,0,-0.0444931050296396,0.445213995198702,2.61,1.22708435213455e-05
2,0,0,-0.0444931050296396,0.445213995198702,2.62,1.03771179021391e-05
2,0,0,-0.0444931050296396,0.445213995198702,2.63,8.75798236030595e-06
2,0,0,-0.0444931050296396,0.445213995198702,2.64,7.37648600754016e-06
2,0,0,-0.0444931050296396,0.445213995198702,2.65,6.20020794558766e-06
2,0,0,-0.0444931050296396,0.445213995198702,2.66,5.20076668489295e-06
2,0,0,-0.0444931050296396,0.445213995198702,2.67,4.35337372532908e-06
2,0,0,-0.0444931050296396,0.445213995198702,2.68,3.63642850257567e-06
2,0,0,-0.0444931050296396,0.445213995198702,2.69,3.03115192816602e-06
2,0,0,-0.0444931050296396,0.445213995198702,2.7,2.52125579867891e-06
2,0,0,-0.0444931050296396,0.445213995198702,2.71,2.09264541673658e-06
2,0,0,-0.0444931050296396,0.445213995198702,2.72,1.73315285025505e-06
2,0,0,-0.0444931050296396,0.445213995198702,2.73,1.43229835380158e-06
2,0,0,-0.0444931050296396,0.445213995198702,2.74,1.18107758417089e-06
2,0,0,-0.0444931050296396,0.445213995198702,2.75,9.71772358815698e-07
2,0,0,-0.0444931050296396,0.445213995198702,2.76,7.9778282820076e-07
2,0,0,-0.0444931050296396,0.445213995198702,2.77,6.53479059354383e-07
2,0,0,-0.0444931050296396,0.445213995198702,2.78,5.34070155960056e-07
2,0,0,-0.0444931050296396,0.445213995198702,2.79,4.35489168577555e-07
2,0,0,-0.0444931050296396,0.445213995198702,2.8,3.54292175545663e-07
2,0,0,-0.0444931050296396,0.445213995198702,2.81,2.87570039545895e-07
2,0,0,-0.0444931050296396,0.445213995198702,2.82,2.32871465653254e-07
2,0,0,-0.0444931050296396,0.445213995198702,2.83,1.88136103108677e-07
2,0,0,-0.0444931050296396,0.445213995198702,2.84,1.51636544341767e-07
2,0,0,-0.0444931050296396,0.445213995198702,2.85,1.21928180435463e-07
2,0,0,-0.0444931050296396,0.445213995198702,2.86,9.78059718901125e-08
2,0,0,-0.0444931050296396,0.445213995198702,2.87,7.826728697738e-08
2,0,0,-0.0444931050296396,0.445213995198702,2.88,6.24800470562068e-08
2,0,0,-0.0444931050296396,0.445213995198702,2.89,4.97554989364621e-08
2,0,0,-0.0444931050296396,0.445213995198702,2.9,3.95250087902744e-08
2,0,0,-0.0444931050296396,0.445213995198702,2.91,3.13203403682214e-08
2,0,0,-0.0444931050296396,0.445213995198702,2.92,2.47569425787843e-08
2,0,0,-0.0444931050296396,0.445213995198702,2.93,1.9519828082996e-08
2,0,0,-0.0444931050296396,0.445213995198702,2.94,1.53516757265977e-08
2,0,0,-0.0444931050296396,0.445213995198702,2.95,1.20428356895762e-08
2,0,0,-0.0444931050296396,0.445213995198702,2.96,9.42295750540837e-09
2,0,0,-0.0444931050296396,0.445213995198702,2.97,7.35399792672956e-09
2,0,0,-0.0444931050296396,0.445213995198702,2.98,5.72439833023349e-09
2,0,0,-0.0444931050296396,0.445213995198702,2.99,4.44425029842001e-09
2,0,0,-0.0444931050296396,0.445213995198702,3,3.44129351866447e-09
2,0,0,-0.0444931050296396,0.445213995198702,3.01,2.65761251919256e-09
2,0,0,-0.0444931050296396,0.445213995198702,3.02,2.04691832081338e-09
2,0,0,-0.0444931050296396,0.445213995198702,3.03,1.57231811031911e-09
2,0,0,-0.0444931050296396,0.445213995198702,3.04,1.20449080599027e-09
2,0,0,-0.0444931050296396,0.445213995198702,3.05,9.20199138561709e-10
2,0,0,-0.0444931050296396,0.445213995198702,3.06,7.01079843923132e-10
2,0,0,-0.0444931050296396,0.445213995198702,3.07,5.32662969081104e-10
2,0,0,-0.0444931050296396,0.445213995198702,3.08,4.03579323821793e-10
2,0,0,-0.0444931050296396,0.445213995198702,3.09,3.04921942001295e-10
2,0,0,-0.0444931050296396,0.445213995198702,3.1,2.29733205740188e-10
2,0,0,-0.0444931050296396,0.445213995198702,3.11,1.72594173629796e-10
2,0,0,-0.0444931050296396,0.445213995198702,3.12,1.29296765369737e-10
2,0,0,-0.0444931050296396,0.445213995198702,3.13,9.65829005673212e-11
2,0,0,-0.0444931050296396,0.445213995198702,3.14,7.19375659312003e-11
2,0,0,-0.0444931050296396,0.445213995198702,3.15,5.34251778190975e-11
2,0,0,-0.0444931050296396,0.445213995198702,3.16,3.95605900746671e-11
2,0,0,-0.0444931050296396,0.445213995198702,3.17,2.92077344312565e-11
2,0,0,-0.0444931050296396,0.445213995198702,3.18,2.15002277431107e-11
2,0,0,-0.0444931050296396,0.445213995198702,3.19,1.57793843483569e-11
2,0,0,-0.0444931050296396,0.445213995198702,3.2,1.1545973466568e-11
2,0,0,-0.0444931050296396,0.445213995198702,3.21,8.42279510658197e-12
2,0,0,-0.0444931050296396,0.445213995198702,3.22,6.12574263103632e-12
2,0,0,-0.0444931050296396,0.445213995198702,3.23,4.4415004243045e-12
2,0,0,-0.0444931050296396,0.445213995198702,3.24,3.21041161198398e-12
2,0,0,-0.0444931050296396,0.445213995198702,3.25,2.31336065788736e-12
2,0,0,-0.0444931050296396,0.445213995198702,3.26,1.66176319534708e-12
2,0,0,-0.0444931050296396,0.445213995198702,3.27,1.18995244951469e-12
2,0,0,-0.0444931050296396,0.445213995198702,3.28,8.49407813521712e-13
2,0,0,-0.0444931050296396,0.445213995198702,3.29,6.04394543804884e-13
2,0,0,-0.0444931050296396,0.445213995198702,3.3,4.28680666875433e-13
2,0,0,-0.0444931050296396,0.445213995198702,3.31,3.03073352746548e-13
2,0,0,-0.0444931050296396,0.445213995198702,3.32,2.1357651229491e-13
2,0,0,-0.0444931050296396,0.445213995198702,3.33,1.50017688678011e-13
2,0,0,-0.0444931050296396,0.445213995198702,3.34,1.05028225661136e-13
2,0,0,-0.0444931050296396,0.445213995198702,3.35,7.32884397094972e-14
2,0,0,-0.0444931050296396,0.445213995198702,3.36,5.09708757271259e-14
2,0,0,-0.0444931050296396,0.445213995198702,3.37,3.53310988312512e-14
2,0,0,-0.0444931050296396,0.445213995198702,3.38,2.44079809420586e-14
2,0,0,-0.0444931050296396,0.445213995198702,3.39,1.68049580819454e-14
2,0,0,-0.0444931050296396,0.445213995198702,3.4,1.15309491782877e-14
2,0,0,-0.0444931050296396,0.445213995198702,3.41,7.88507597984732e-15
2,0,0,-0.0444931050296396,0.445213995198702,3.42,5.37342305446861e-15
2,0,0,-0.0444931050296396,0.445213995198702,3.43,3.64914915257957e-15
2,0,0,-0.0444931050296396,0.445213995198702,3.44,2.46955497840941e-15
2,0,0,-0.0444931050296396,0.445213995198702,3.45,1.66541831531634e-15
2,0,0,-0.0444931050296396,0.445213995198702,3.46,1.11917126258296e-15
2,0,0,-0.0444931050296396,0.445213995198702,3.47,7.49427002340264e-16
2,0,0,-0.0444931050296396,0.445213995198702,3.48,5.00049120921205e-16
2,0,0,-0.0444931050296396,0.445213995198702,3.49,3.32458536352815e-16
2,0,0,-0.0444931050296396,0.445213995198702,3.5,2.20239248843939e-16
2,0,0,-0.0444931050296396,0.445213995198702,3.51,1.45370152747126e-16
2,0,0,-0.0444931050296396,0.445213995198702,3.52,9.56026529854203e-17
2,0,0,-0.0444931050296396,0.445213995198702,3.53,6.26425819903095e-17
2,0,0,-0.0444931050296396,0.445213995198702,3.54,4.08945260435737e-17
2,0,0,-0.0444931050296396,0.445213995198702,3.55,2.65978982393003e-17
2,0,0,-0.0444931050296396,0.445213995198702,3.56,1.72348233096839e-17
2,0,0,-0.0444931050296396,0.445213995198702,3.57,1.1125882307683e-17
2,0,0,-0.0444931050296396,0.445213995198702,3.58,7.15518569063649e-18
2,0,0,-0.0444931050296396,0.445213995198702,3.59,4.58412933483044e-18
2,0,0,-0.0444931050296396,0.445213995198702,3.6,2.92572147385215e-18
2,0,0,-0.0444931050296396,0.445213995198702,3.61,1.86011541890137e-18
2,0,0,-0.0444931050296396,0.445213995198702,3.62,1.17806216601895e-18
2,0,0,-0.0444931050296396,0.445213995198702,3.63,7.43204802281822e-19
2,0,0,-0.0444931050296396,0.445213995198702,3.64,4.67037058673518e-19
2,0,0,-0.0444931050296396,0.445213995198702,3.65,2.9233932685732e-19
2,0,0,-0.0444931050296396,0.445213995198702,3.66,1.822664393163e-19
2,0,0,-0.0444931050296396,0.445213995198702,3.67,1.13187956436397e-19
2,0,0,-0.0444931050296396,0.445213995198702,3.68,7.00097007070914e-20
2,0,0,-0.0444931050296396,0.445213995198702,3.69,4.31291738739256e-20
2,0,0,-0.0444931050296396,0.445213995198702,3.7,2.64624086585348e-20
2,0,0,-0.0444931050296396,0.445213995198702,3.71,1.61704940997758e-20
2,0,0,-0.0444931050296396,0.445213995198702,3.72,9.84109082447516e-21
2,0,0,-0.0444931050296396,0.445213995198702,3.73,5.96457550566122e-21
2,0,0,-0.0444931050296396,0.445213995198702,3.74,3.600165666974e-21
2,0,0,-0.0444931050296396,0.445213995198702,3.75,2.16402534619926e-21
2,0,0,-0.0444931050296396,0.445213995198702,3.76,1.2953566343348e-21
2,0,0,-0.0444931050296396,0.445213995198702,3.77,7.72135878454215e-22
2,0,0,-0.0444931050296396,0.445213995198702,3.78,4.58316687534258e-22
2,0,0,-0.0444931050296396,0.445213995198702,3.79,2.70891469423667e-22
2,0,0,-0.0444931050296396,0.445213995198702,3.8,1.59431027845681e-22
2,0,0,-0.0444931050296396,0.445213995198702,3.81,9.34304267484395e-23
2,0,0,-0.0444931050296396,0.445213995198702,3.82,5.45169905194547e-23
2,0,0,-0.0444931050296396,0.445213995198702,3.83,3.16733156092698e-23
2,0,0,-0.0444931050296396,0.445213995198702,3.84,1.83215971416417e-23
2,0,0,-0.0444931050296396,0.445213995198702,3.85,1.0551915002048e-23
2,0,0,-0.0444931050296396,0.445213995198702,3.86,6.05044577530102e-24
2,0,0,-0.0444931050296396,0.445213995198702,3.87,3.45399377878506e-24
2,0,0,-0.0444931050296396,0.445213995198702,3.88,1.96301558045132e-24
2,0,0,-0.0444931050296396,0.445213995198702,3.89,1.1106669852623e-24
2,0,0,-0.0444931050296396,0.445213995198702,3.9,6.25592848682779e-25
2,0,0,-0.0444931050296396,0.445213995198702,3.91,3.50782029150423e-25
2,0,0,-0.0444931050296396,0.445213995198702,3.92,1.95798954481634e-25
2,0,0,-0.0444931050296396,0.445213995198702,3.93,1.08792929502217e-25
2,0,0,-0.0444931050296396,0.445213995198702,3.94,6.01724946424987e-26
2,0,0,-0.0444931050296396,0.445213995198702,3.95,3.31277661368603e-26
2,0,0,-0.0444931050296396,0.445213995198702,3.96,1.8154019419231e-26
2,0,0,-0.0444931050296396,0.445213995198702,3.97,9.90215324669955e-27
2,0,0,-0.0444931050296396,0.445213995198702,3.98,5.37591461740907e-27
2,0,0,-0.0444931050296396,0.445213995198702,3.99,2.90489604576939e-27
2,0,0,-0.0444931050296396,0.445213995198702,4,1.56226231964836e-27
3,0,1,-0.0444931050296396,1.46630649052722,-4,4.64450187619648e-24
3,0,1,-0.0444931050296396,1.46630649052722,-3.99,8.28348894619804e-24
3,0,1,-0.0444931050296396,1.46630649052722,-3.98,1.47054028601051e-23
3,0,1,-0.0444931050296396,1.46630649052722,-3.97,2.59860587219896e-23
3,0,1,-0.0444931050296396,1.46630649052722,-3.96,4.57103052510053e-23
3,0,1,-0.0444931050296396,1.46630649052722,-3.95,8.00402389475276e-23
3,0,1,-0.0444931050296396,1.46630649052722,-3.94,1.39519042240377e-22
3,0,1,-0.0444931050296396,1.46630649052722,-3.93,2.42102754523999e-22
3,0,1,-0.0444931050296396,1.46630649052722,-3.92,4.18232100679116e-22
3,0,1,-0.0444931050296396,1.46630649052722,-3.91,7.19277726268819e-22
3,0,1,-0.0444931050296396,1.46630649052722,-3.9,1.23153760563903e-21
3,0,1,-0.0444931050296396,1.46630649052722,-3.89,2.09933011966763e-21
3,0,1,-0.0444931050296396,1.46630649052722,-3.88,3.56291891016258e-21
3,0,1,-0.0444931050296396,1.46630649052722,-3.87,6.02051171043144e-21
3,0,1,-0.0444931050296396,1.46630649052722,-3.86,1.01291554441415e-20
3,0,1,-0.0444931050296396,1.46630649052722,-3.85,1.69681893131915e-20
3,0,1,-0.0444931050296396,1.46630649052722,-3.84,2.83028549492726e-20
3,0,1,-0.0444931050296396,1.46630649052722,-3.83,4.70075362075978e-20
3,0,1,-0.0444931050296396,1.46630649052722,-3.82,7.77422713209102e-20
3,0,1,-0.0444931050296396,1.46630649052722,-3.81,1.28029314306923e-19
3,0,1,-0.0444931050296396,1.46630649052722,-3.8,2.09958767291271e-19
3,0,1,-0.0444931050296396,1.46630649052722,-3.79,3.42879029176395e-19
3,0,1,-0.0444931050296396,1.46630649052722,-3.78,5.57622177128723e-19
3,0,1,-0.0444931050296396,1.46630649052722,-3.77,9.03111178911889e-19
3,0,1,-0.0444931050296396,1.46630649052722,-3.76,1.45664694384897e-18
3,0,1,-0.0444931050296396,1.46630649052722,-3.75,2.3398558347403e-18
3,0,1,-0.0444931050296396,1.46630649052722,-3.74,3.74330657489773e-18
3,0,1,-0.0444931050296396,1.46630649052722,-3.73,5.96434767490441e-18
3,0,1,-0.0444931050296396,1.46630649052722,-3.72,9.46501912699175e-18
3,0,1,-0.0444931050296396,1.46630649052722,-3.71,1.4960314959968e-17
3,0,1,-0.0444931050296396,1.46630649052722,-3.7,2.35521389390205e-17
3,0,1,-0.0444931050296396,1.46630649052722,-3.69,3.693175992389e-17
3,0,1,-0.0444931050296396,1.46630649052722,-3.68,5.76845238869004e-17
3,0,1,-0.0444931050296396,1.46630649052722,-3.67,8.97465748667422e-17
3,0,1,-0.0444931050296396,1.46630649052722,-3.66,1.39086600201859e-16
3,0,1,-0.0444931050296396,1.46630649052722,-3.65,2.14719302720477e-16
3,0,1,-0.0444931050296396,1.46630649052722,-3.64,3.3020587588608e-16
3,0,1,-0.0444931050296396,1.46630649052722,-3.63,5.05866495595055e-16
3,0,1,-0.0444931050296396,1.46630649052722,-3.62,7.72029539539875e-16
3,0,1,-0.0444931050296396,1.46630649052722,-3.61,1.17378416746786e-15
3,0,1,-0.0444931050296396,1.46630649052722,-3.6,1.77790407265129e-15
3,0,1,-0.0444931050296396,1.46630649052722,-3.59,2.68289418434776e-15
3,0,1,-0.0444931050296396,1.46630649052722,-3.58,4.03351125239688e-15
3,0,1,-0.0444931050296396,1.46630649052722,-3.57,6.0416679503211e-15
3,0,1,-0.0444931050296396,1.46630649052722,-3.56,9.01640891069863e-15
3,0,1,-0.0444931050296396,1.46630649052722,-3.55,1.34067281315078e-14
3,0,1,-0.0444931050296396,1.46630649052722,-3.54,1.9862491554687e-14
3,0,1,-0.0444931050296396,1.46630649052722,-3.53,2.932078583535e-14
3,0,1,-0.0444931050296396,1.46630649052722,-3.52,4.31278347421334e-14
3,0,1,-0.0444931050296396,1.46630649052722,-3.51,6.32104755410856e-14
3,0,1,-0.0444931050296396,1.46630649052722,-3.5,9.23164241322238e-14
3,0,1,-0.0444931050296396,1.46630649052722,-3.49,1.34349649098515e-13
3,0,1,-0.0444931050296396,1.46630649052722,-3.48,1.94836739288071e-13
3,0,1,-0.0444931050296396,1.46630649052722,-3.47,2.81572997287265e-13
3,0,1,-0.0444931050296396,1.46630649052722,-3.46,4.05514179515823e-13
3,0,1,-0.0444931050296396,1.46630649052722,-3.45,5.82002706535878e-13
3,0,1,-0.0444931050296396,1.46630649052722,-3.44,8.3244756174596e-13
3,0,1,-0.0444931050296396,1.46630649052722,-3.43,1.18661727186299e-12
3,0,1,-0.0444931050296396,1.46630649052722,-3.42,1.68575825347162e-12
3,0,1,-0.0444931050296396,1.46630649052722,-3.41,2.38682016323804e-12
3,0,1,-0.0444931050296396,1.46630649052722,-3.4,3.36816046716238e-12
3,0,1,-0.0444931050296396,1.46630649052722,-3.39,4.73721827198702e-12
3,0,1,-0.0444931050296396,1.46630649052722,-3.38,6.64080012997707e-12
3,0,1,-0.0444931050296396,1.46630649052722,-3.37,9.27881755581804e-12
3,0,1,-0.0444931050296396,1.46630649052722,-3.36,1.29225692658324e-11
3,0,1,-0.0444931050296396,1.46630649052722,-3.35,1.79389854361322e-11
3,0,1,-0.0444931050296396,1.46630649052722,-3.34,2.48226648536589e-11
3,0,1,-0.0444931050296396,1.46630649052722,-3.33,3.42380612121607e-11
3,0,1,-0.0444931050296396,1.46630649052722,-3.32,4.70748395823355e-11
3,0,1,-0.0444931050296396,1.46630649052722,-3.31,6.45202619430308e-11
3,0,1,-0.0444931050296396,1.46630649052722,-3.3,8.81535125139256e-11
3,0,1,-0.0444931050296396,1.46630649052722,-3.29,1.20068188950318e-10
3,0,1,-0.0444931050296396,1.46630649052722,-3.28,1.63030823781435e-10
3,0,1,-0.0444931050296396,1.46630649052722,-3.27,2.20685333097507e-10
3,0,1,-0.0444931050296396,1.46630649052722,-3.26,2.9781580140479e-10
3,0,1,-0.0444931050296396,1.46630649052722,-3.25,4.00683103575548e-10
3,0,1,-0.0444931050296396,1.46630649052722,-3.24,5.37454655894502e-10
3,0,1,-0.0444931050296396,1.46630649052722,-3.23,7.18751218056814e-10
3,0,1,-0.0444931050296396,1.46630649052722,-3.22,9.58340299833194e-10
3,0,1,-0.0444931050296396,1.46630649052722,-3.21,1.27401254969463e-09
3,0,1,-0.0444931050296396,1.46630649052722,-3.2,1.68868573729585e-09
3,0,1,-0.0444931050296396,1.46630649052722,-3.19,2.23179083950953e-09
3,0,1,-0.0444931050296396,1.46630649052722,-3.18,2.94100658898088e-09
3,0,1,-0.0444931050296396,1.46630649052722,-3.17,3.86442297265686e-09
3,0,1,-0.0444931050296396,1.46630649052722,-3.16,5.06323094575666e-09
3,0,1,-0.0444931050296396,1.46630649052722,-3.15,6.61505547007624e-09
3,0,1,-0.0444931050296396,1.46630649052722,-3.14,8.61807235840881e-09
3,0,1,-0.0444931050296396,1.46630649052722,-3.13,1.11960768235422e-08
3,0,1,-0.0444931050296396,1.46630649052722,-3.12,1.45047036567749e-08
3,0,1,-0.0444931050296396,1.46630649052722,-3.11,1.87390362154404e-08
3,0,1,-0.0444931050296396,1.46630649052722,-3.1,2.41428845514542e-08
3,0,1,-0.0444931050296396,1.46630649052722,-3.09,3.10200627831149e-08
3,0,1,-0.0444931050296396,1.46630649052722,-3.08,3.97480529662392e-08
3,0,1,-0.0444931050296396,1.46630649052722,-3.07,5.07945080650875e-08
3,0,1,-0.0444931050296396,1.46630649052722,-3.06,6.47371209986722e-08
3,0,1,-0.0444931050296396,1.46630649052722,-3.05,8.22874710076849e-08
3,0,1,-0.0444931050296396,1.46630649052722,-3.04,1.04319553626026e-07
3,0,1,-0.0444931050296396,1.46630649052722,-3.03,1.31903807218721e-07
3,0,1,-0.0444931050296396,1.46630649052722,-3.02,1.66347568211424e-07
3,0,1,-0.0444931050296396,1.46630649052722,-3.01,2.09243019587019e-07
3,0,1,-0.0444931050296396,1.46630649052722,-3,2.62523843692448e-07
3,0,1,-0.0444931050296396,1.46630649052722,-2.99,3.2853195151451e-07
3,0,1,-0.0444931050296396,1.46630649052722,-2.98,4.10095836845278e-07
3,0,1,-0.0444931050296396,1.46630649052722,-2.97,5.10622295496568e-07
3,0,1,-0.0444931050296396,1.46630649052722,-2.96,6.34203457061788e-07
3,0,1,-0.0444931050296396,1.46630649052722,-2.95,7.85741299537113e-07
3,0,1,-0.0444931050296396,1.46630649052722,-2.94,9.71092054984314e-07
3,0,1,-0.0444931050296396,1.46630649052722,-2.93,1.19723316658816e-06
3,0,1,-0.0444931050296396,1.46630649052722,-2.92,1.47245572279058e-06
3,0,1,-0.0444931050296396,1.46630649052722,-2.91,1.80658557109852e-06
3,0,1,-0.0444931050296396,1.46630649052722,-2.9,2.21123660061344e-06
3,0,1,-0.0444931050296396,1.46630649052722,-2.89,2.70009997574646e-06
3,0,1,-0.0444931050296396,1.46630649052722,-2.88,3.28927340083788e-06
3,0,1,-0.0444931050296396,1.46630649052722,-2.87,3.99763479276801e-06
3,0,1,-0.0444931050296396,1.46630649052722,-2.86,4.84726503178744e-06
3,0,1,-0.0444931050296396,1.46630649052722,-2.85,5.86392474472714e-06
3,0,1,-0.0444931050296396,1.46630649052722,-2.84,7.07759034384196e-06
3,0,1,-0.0444931050296396,1.46630649052722,-2.83,8.52305479251966e-06
3,0,1,-0.0444931050296396,1.46630649052722,-2.82,1.02405987890516e-05
3,0,1,-0.0444931050296396,1.46630649052722,-2.81,1.22767382441088e-05
3,0,1,-0.0444931050296396,1.46630649052722,-2.8,1.46850540684524e-05
3,0,1,-0.0444931050296396,1.46630649052722,-2.79,1.75271103761965e-05
3,0,1,-0.0444931050296396,1.46630649052722,-2.78,2.08734672367111e-05
3,0,1,-0.0444931050296396,1.46630649052722,-2.77,2.48047940657608e-05
3,0,1,-0.0444931050296396,1.46630649052722,-2.76,2.94130896243426e-05
3,0,1,-0.0444931050296396,1.46630649052722,-2.75,3.48030143824584e-05
3,0,1,-0.0444931050296396,1.46630649052722,-2.74,4.10933406954381e-05
3,0,1,-0.0444931050296396,1.46630649052722,-2.73,4.84185258234082e-05
3,0,1,-0.0444931050296396,1.46630649052722,-2.72,5.69304122915742e-05
3,0,1,-0.0444931050296396,1.46630649052722,-2.71,6.68000594323436e-05
3,0,1,-0.0444931050296396,1.46630649052722,-2.7,7.82197091630554e-05
3,0,1,-0.0444931050296396,1.46630649052722,-2.69,9.1404888129474e-05
3,0,1,-0.0444931050296396,1.46630649052722,-2.68,0.000106596647280845
3,0,1,-0.0444931050296396,1.46630649052722,-2.67,0.000124063938734422
3,0,1,-0.0444931050296396,1.46630649052722,-2.66,0.000144106128434958
3,0,1,-0.0444931050296396,1.46630649052722,-2.65,0.000167055641618762
3,0,1,-0.0444931050296396,1.46630649052722,-2.64,0.00019328073645584
3,0,1,-0.0444931050296396,1.46630649052722,-2.63,0.000223188399472947
3,0,1,-0.0444931050296396,1.46630649052722,-2.62,0.000257227354463339
3,0,1,-0.0444931050296396,1.46630649052722,-2.61,0.000295891174576369
3,0,1,-0.0444931050296396,1.46630649052722,-2.6,0.000339721485165463
3,0,1,-0.0444931050296396,1.46630649052722,-2.59,0.000389311242772739
3,0,1,-0.0444931050296396,1.46630649052722,-2.58,0.000445308073361584
3,0,1,-0.0444931050296396,1.46630649052722,-2.57,0.000508417650596774
3,0,1,-0.0444931050296396,1.46630649052722,-2.56,0.000579407092639518
3,0,1,-0.0444931050296396,1.46630649052722,-2.55,0.000659108353598831
3,0,1,-0.0444931050296396,1.46630649052722,-2.54,0.000748421583490072
3,0,1,-0.0444931050296396,1.46630649052722,-2.53,0.000848318428326892
3,0,1,-0.0444931050296396,1.46630649052722,-2.52,0.000959845239847171
3,0,1,-0.0444931050296396,1.46630649052722,-2.51,0.00108412616238014
3,0,1,-0.0444931050296396,1.46630649052722,-2.5,0.00122236606253563
3,0,1,-0.0444931050296396,1.46630649052722,-2.49,0.00137585326577189
3,0,1,-0.0444931050296396,1.46630649052722,-2.48,0.00154596206251071
3,0,1,-0.0444931050296396,1.46630649052722,-2.47,0.00173415494535141
3,0,1,-0.0444931050296396,1.46630649052722,-2.46,0.00194198453812177
3,0,1,-0.0444931050296396,1.46630649052722,-2.45,0.00217109517702479
3,0,1,-0.0444931050296396,1.46630649052722,-2.44,0.00242322410402437
3,0,1,-0.0444931050296396,1.46630649052722,-2.43,0.00270020223288573
3,0,1,-0.0444931050296396,1.46630649052722,-2.42,0.00300395444897103
3,0,1,-0.0444931050296396,1.46630649052722,-2.41,0.00333649940500364
3,0,1,-0.0444931050296396,1.46630649052722,-2.4,0.00369994877657171
3,0,1,-0.0444931050296396,1.46630649052722,-2.39,0.00409650594315074
3,0,1,-0.0444931050296396,1.46630649052722,-2.38,0.00452846406288986
3,0,1,-0.0444931050296396,1.46630649052722,-2.37,0.00499820351232575
3,0,1,-0.0444931050296396,1.46630649052722,-2.36,0.00550818866555361
3,0,1,-0.0444931050296396,1.46630649052722,-2.35,0.00606096399118354
3,0,1,-0.0444931050296396,1.46630649052722,-2.34,0.00665914944962274
3,0,1,-0.0444931050296396,1.46630649052722,-2.33,0.00730543517782398
3,0,1,-0.0444931050296396,1.46630649052722,-2.32,0.00800257545359744
3,0,1,-0.0444931050296396,1.46630649052722,-2.31,0.00875338193686006
3,0,1,-0.0444931050296396,1.46630649052722,-2.3,0.00956071619074968
3,0,1,-0.0444931050296396,1.46630649052722,-2.29,0.0104274814913167
3,0,1,-0.0444931050296396,1.46630649052722,-2.28,0.0113566139404679
3,0,1,-0.0444931050296396,1.46630649052722,-2.27,0.0123510729029223
3,0,1,-0.0444931050296396,1.46630649052722,-2.26,0.0134138307940927
3,0,1,-0.0444931050296396,1.46630649052722,-2.25,0.0145478622519537
3,0,1,-0.0444931050296396,1.46630649052722,-2.24,0.0157561327320563
3,0,1,-0.0444931050296396,1.46630649052722,-2.23,0.0170415865708112
3,0,1,-0.0444931050296396,1.46630649052722,-2.22,0.0184071345679468
3,0,1,-0.0444931050296396,1.46630649052722,-2.21,0.0198556411445686
3,0,1,-0.0444931050296396,1.46630649052722,-2.2,0.0213899111384622
3,0,1,-0.0444931050296396,1.46630649052722,-2.19,0.0230126763031089
3,0,1,-0.0444931050296396,1.46630649052722,-2.18,0.0247265815812916
3,0,1,-0.0444931050296396,1.46630649052722,-2.17,0.0265341712280742
3,0,1,-0.0444931050296396,1.46630649052722,-2.16,0.0284378748613233
3,0,1,-0.0444931050296396,1.46630649052722,-2.15,0.0304399935207337
3,0,1,-0.0444931050296396,1.46630649052722,-2.14,0.0325426858185047
3,0,1,-0.0444931050296396,1.46630649052722,-2.13,0.0347479542663437
3,0,1,-0.0444931050296396,1.46630649052722,-2.12,0.0370576318643359
3,0,1,-0.0444931050296396,1.46630649052722,-2.11,0.0394733690373801
3,0,1,-0.0444931050296396,1.46630649052722,-2.1,0.0419966210043604
3,0,1,-0.0444931050296396,1.46630649052722,-2.09,0.0446286356639806
3,0,1,-0.0444931050296396,1.46630649052722,-2.08,0.0473704420792475
3,0,1,-0.0444931050296396,1.46630649052722,-2.07,0.0502228396399572
3,0,1,-0.0444931050296396,1.46630649052722,-2.06,0.0531863879792428
3,0,1,-0.0444931050296396,1.46630649052722,-2.05,0.0562613977162943
3,0,1,-0.0444931050296396,1.46630649052722,-2.04,0.0594479220928138
3,0,1,-0.0444931050296396,1.46630649052722,-2.03,0.0627457495656413
3,0,1,-0.0444931050296396,1.46630649052722,-2.02,0.0661543974123392
3,0,1,-0.0444931050296396,1.46630649052722,-2.01,0.0696731064003999
3,0,1,-0.0444931050296396,1.46630649052722,-2,0.0733008365641958
3,0,1,-0.0444931050296396,1.46630649052722,-1.99,0.0770362641268876
3,0,1,-0.0444931050296396,1.46630649052722,-1.98,0.0808777795972983
3,0,1,-0.0444931050296396,1.46630649052722,-1.97,0.0848234870643297
3,0,1,-0.0444931050296396,1.46630649052722,-1.96,0.0888712047038825
3,0,1,-0.0444931050296396,1.46630649052722,-1.95,0.0930184665055463
3,0,1,-0.0444931050296396,1.46630649052722,-1.94,0.0972625252185732
3,0,1,-0.0444931050296396,1.46630649052722,-1.93,0.101600356508955
3,0,1,-0.0444931050296396,1.46630649052722,-1.92,0.106028664311815
3,0,1,-0.0444931050296396,1.46630649052722,-1.91,0.110543887355872
3,0,1,-0.0444931050296396,1.46630649052722,-1.9,0.11514220682954
3,0,1,-0.0444931050296396,1.46630649052722,-1.89,0.11981955515127
3,0,1,-0.0444931050296396,1.46630649052722,-1.88,0.124571625800143
3,0,1,-0.0444931050296396,1.46630649052722,-1.87,0.129393884156528
3,0,1,-0.0444931050296396,1.46630649052722,-1.86,0.134281579296817
3,0,1,-0.0444931050296396,1.46630649052722,-1.85,0.13922975668094
3,0,1,-0.0444931050296396,1.46630649052722,-1.84,0.144233271666572
3,0,1,-0.0444931050296396,1.46630649052722,-1.83,0.149286803779663
3,0,1,-0.0444931050296396,1.46630649052722,-1.82,0.154384871667202
3,0,1,-0.0444931050296396,1.46630649052722,-1.81,0.15952184865501
3,0,1,-0.0444931050296396,1.46630649052722,-1.8,0.164691978830806
3,0,1,-0.0444931050296396,1.46630649052722,-1.79,0.169889393570807
3,0,1,-0.0444931050296396,1.46630649052722,-1.78,0.175108128426825
3,0,1,-0.0444931050296396,1.46630649052722,-1.77,0.180342140289999
3,0,1,-0.0444931050296396,1.46630649052722,-1.76,0.185585324747158
3,0,1,-0.0444931050296396,1.46630649052722,-1.75,0.190831533546168
3,0,1,-0.0444931050296396,1.46630649052722,-1.74,0.196074592087556
3,0,1,-0.0444931050296396,1.46630649052722,-1.73,0.201308316861175
3,0,1,-0.0444931050296396,1.46630649052722,-1.72,0.20652653274859
3,0,1,-0.0444931050296396,1.46630649052722,-1.71,0.211723090114321
3,0,1,-0.0444931050296396,1.46630649052722,-1.7,0.21689188161192
3,0,1,-0.0444931050296396,1.46630649052722,-1.69,0.222026858634102
3,0,1,-0.0444931050296396,1.46630649052722,-1.68,0.227122047339793
3,0,1,-0.0444931050296396,1.46630649052722,-1.67,0.232171564194858
3,0,1,-0.0444931050296396,1.46630649052722,-1.66,0.237169630967518
3,0,1,-0.0444931050296396,1.46630649052722,-1.65,0.242110589123919
3,0,1,-0.0444931050296396,1.46630649052722,-1.64,0.246988913573944
3,0,1,-0.0444931050296396,1.46630649052722,-1.63,0.251799225722225
3,0,1,-0.0444931050296396,1.46630649052722,-1.62,0.256536305784192
3,0,1,-0.0444931050296396,1.46630649052722,-1.61,0.261195104332034
3,0,1,-0.0444931050296396,1.46630649052722,-1.6,0.26577075304049
3,0,1,-0.0444931050296396,1.46630649052722,-1.59,0.270258574607422
3,0,1,-0.0444931050296396,1.46630649052722,-1.58,0.274654091829155
3,0,1,-0.0444931050296396,1.46630649052722,-1.57,0.278953035815501
3,0,1,-0.0444931050296396,1.46630649052722,-1.56,0.283151353334221
3,0,1,-0.0444931050296396,1.46630649052722,-1.55,0.287245213279432
3,0,1,-0.0444931050296396,1.46630649052722,-1.54,0.291231012262978
3,0,1,-0.0444931050296396,1.46630649052722,-1.53,0.295105379332218
3,0,1,-0.0444931050296396,1.46630649052722,-1.52,0.298865179821814
3,0,1,-0.0444931050296396,1.46630649052722,-1.51,0.30250751835112
3,0,1,-0.0444931050296396,1.46630649052722,-1.5,0.306029740982457
3,0,1,-0.0444931050296396,1.46630649052722,-1.49,0.309429436559049
3,0,1,-0.0444931050296396,1.46630649052722,-1.48,0.312704437244638
3,0,1,-0.0444931050296396,1.46630649052722,-1.47,0.315852818289696
3,0,1,-0.0444931050296396,1.46630649052722,-1.46,0.318872897051891
3,0,1,-0.0444931050296396,1.46630649052722,-1.45,0.321763231300804
3,0,1,-0.0444931050296396,1.46630649052722,-1.44,0.324522616839052
3,0,1,-0.0444931050296396,1.46630649052722,-1.43,0.327150084473808
3,0,1,-0.0444931050296396,1.46630649052722,-1.42,0.329644896374254
3,0,1,-0.0444931050296396,1.46630649052722,-1.41,0.332006541851846
3,0,1,-0.0444931050296396,1.46630649052722,-1.4,0.334234732601244
3,0,1,-0.0444931050296396,1.46630649052722,-1.39,0.336329397440599
3,0,1,-0.0444931050296396,1.46630649052722,-1.38,0.338290676590381
3,0,1,-0.0444931050296396,1.46630649052722,-1.37,0.340118915530231
3,0,1,-0.0444931050296396,1.46630649052722,-1.36,0.34181465847342
3,0,1,-0.0444931050296396,1.46630649052722,-1.35,0.343378641498314
3,0,1,-0.0444931050296396,1.46630649052722,-1.34,0.344811785375945
3,0,1,-0.0444931050296396,1.46630649052722,-1.33,0.346115188132233
3,0,1,-0.0444931050296396,1.46630649052722,-1.32,0.347290117382725
3,0,1,-0.0444931050296396,1.46630649052722,-1.31,0.348338002476849
3,0,1,-0.0444931050296396,1.46630649052722,-1.3,0.349260426487706
3,0,1,-0.0444931050296396,1.46630649052722,-1.29,0.350059118082258
3,0,1,-0.0444931050296396,1.46630649052722,-1.28,0.350735943305593
3,0,1,-0.0444931050296396,1.46630649052722,-1.27,0.351292897311542
3,0,1,-0.0444931050296396,1.46630649052722,-1.26,0.351732096070554
3,0,1,-0.0444931050296396,1.46630649052722,-1.25,0.352055768084202
3,0,1,-0.0444931050296396,1.46630649052722,-1.24,0.352266246134173
3,0,1,-0.0444931050296396,1.46630649052722,-1.23,0.352365959091953
3,0,1,-0.0444931050296396,1.46630649052722,-1.22,0.352357423813822
3,0,1,-0.0444931050296396,1.46630649052722,-1.21,0.352243237144094
3,0,1,-0.0444931050296396,1.46630649052722,-1.2,0.352026068047866
3,0,1,-0.0444931050296396,1.46630649052722,-1.19,0.351708649892891
3,0,1,-0.0444931050296396,1.46630649052722,-1.18,0.351293772898484
3,0,1,-0.0444931050296396,1.46630649052722,-1.17,0.350784276767773
3,0,1,-0.0444931050296396,1.46630649052722,-1.16,0.350183043517932
3,0,1,-0.0444931050296396,1.46630649052722,-1.15,0.349492990521484
3,0,1,-0.0444931050296396,1.46630649052722,-1.14,0.348717063770174
3,0,1,-0.0444931050296396,1.46630649052722,-1.13,0.347858231371412
3,0,1,-0.0444931050296396,1.46630649052722,-1.12,0.346919477285841
3,0,1,-0.0444931050296396,1.46630649052722,-1.11,0.345903795313133
3,0,1,-0.0444931050296396,1.46630649052722,-1.1,0.344814183331818
3,0,1,-0.0444931050296396,1.46630649052722,-1.09,0.343653637797604
3,0,1,-0.0444931050296396,1.46630649052722,-1.08,0.34242514850346
3,0,1,-0.0444931050296396,1.46630649052722,-1.07,0.341131693603547
3,0,1,-0.0444931050296396,1.46630649052722,-1.06,0.339776234901983
3,0,1,-0.0444931050296396,1.46630649052722,-1.05,0.33836171340641
3,0,1,-0.0444931050296396,1.46630649052722,-1.04,0.336891045145347
3,0,1,-0.0444931050296396,1.46630649052722,-1.03,0.335367117247451
3,0,1,-0.0444931050296396,1.46630649052722,-1.02,0.333792784279923
3,0,1,-0.0444931050296396,1.46630649052722,-1.01,0.332170864842606
3,0,1,-0.0444931050296396,1.46630649052722,-1,0.330504138413561
3,0,1,-0.0444931050296396,1.46630649052722,-0.99,0.328795342441314
3,0,1,-0.0444931050296396,1.46630649052722,-0.98,0.327047169678381
3,0,1,-0.0444931050296396,1.46630649052722,-0.97,0.325262265750185
3,0,1,-0.0444931050296396,1.46630649052722,-0.96,0.32344322695301
3,0,1,-0.0444931050296396,1.46630649052722,-0.95,0.321592598274255
3,0,1,-0.0444931050296396,1.46630649052722,-0.94,0.31971287162792
3,0,1,-0.0444931050296396,1.46630649052722,-0.93,0.317806484297962
3,0,1,-0.0444931050296396,1.46630649052722,-0.92,0.315875817581915
3,0,1,-0.0444931050296396,1.46630649052722,-0.91,0.313923195626994
3,0,1,-0.0444931050296396,1.46630649052722,-0.9,0.31195088445076
3,0,1,-0.0444931050296396,1.46630649052722,-0.89,0.309961091138286
3,0,1,-0.0444931050296396,1.46630649052722,-0.88,0.307955963207752
3,0,1,-0.0444931050296396,1.46630649052722,-0.87,0.305937588136324
3,0,1,-0.0444931050296396,1.46630649052722,-0.86,0.30390799303819
3,0,1,-0.0444931050296396,1.46630649052722,-0.85,0.30186914448669
3,0,1,-0.0444931050296396,1.46630649052722,-0.84,0.299822948472486
3,0,1,-0.0444931050296396,1.46630649052722,-0.83,0.297771250489867
3,0,1,-0.0444931050296396,1.46630649052722,-0.82,0.295715835743359
3,0,1,-0.0444931050296396,1.46630649052722,-0.81,0.293658429466967
3,0,1,-0.0444931050296396,1.46630649052722,-0.8,0.29160069734851
3,0,1,-0.0444931050296396,1.46630649052722,-0.79,0.289544246051717
3,0,1,-0.0444931050296396,1.46630649052722,-0.78,0.287490623828889
3,0,1,-0.0444931050296396,1.46630649052722,-0.77,0.285441321217185
3,0,1,-0.0444931050296396,1.46630649052722,-0.76,0.283397771811748
3,0,1,-0.0444931050296396,1.46630649052722,-0.75,0.281361353109159
3,0,1,-0.0444931050296396,1.46630649052722,-0.74,0.279333387414878
3,0,1,-0.0444931050296396,1.46630649052722,-0.73,0.277315142808623
3,0,1,-0.0444931050296396,1.46630649052722,-0.72,0.275307834161814
3,0,1,-0.0444931050296396,1.46630649052722,-0.71,0.273312624201512
3,0,1,-0.0444931050296396,1.46630649052722,-0.7,0.271330624615471
3,0,1,-0.0444931050296396,1.46630649052722,-0.69,0.269362897193197
3,0,1,-0.0444931050296396,1.46630649052722,-0.68,0.267410454998145
3,0,1,-0.0444931050296396,1.46630649052722,-0.67,0.265474263566416
3,0,1,-0.0444931050296396,1.46630649052722,-0.66,0.263555242127572
3,0,1,-0.0444931050296396,1.46630649052722,-0.65,0.261654264843398
3,0,1,-0.0444931050296396,1.46630649052722,-0.64,0.259772162060717
3,0,1,-0.0444931050296396,1.46630649052722,-0.63,0.257909721574533
3,0,1,-0.0444931050296396,1.46630649052722,-0.62,0.25606768989806
3,0,1,-0.0444931050296396,1.46630649052722,-0.61,0.254246773536364
3,0,1,-0.0444931050296396,1.46630649052722,-0.6,0.2524476402606
3,0,1,-0.0444931050296396,1.46630649052722,-0.59,0.250670920379989
3,0,1,-0.0444931050296396,1.46630649052722,-0.58,0.248917208008926
3,0,1,-0.0444931050296396,1.46630649052722,-0.57,0.247187062326761
3,0,1,-0.0444931050296396,1.46630649052722,-0.56,0.245481008828004
3,0,1,-0.0444931050296396,1.46630649052722,-0.55,0.243799540560891
3,0,1,-0.0444931050296396,1.46630649052722,-0.54,0.242143119352393
3,0,1,-0.0444931050296396,1.46630649052722,-0.53,0.240512177017938
3,0,1,-0.0444931050296396,1.46630649052722,-0.52,0.238907116554264
3,0,1,-0.0444931050296396,1.46630649052722,-0.51,0.237328313313974
3,0,1,-0.0444931050296396,1.46630649052722,-0.5,0.2357761161605
3,0,1,-0.0444931050296396,1.46630649052722,-0.49,0.234250848602334
3,0,1,-0.0444931050296396,1.46630649052722,-0.48,0.232752809905489
3,0,1,-0.0444931050296396,1.46630649052722,-0.47,0.231282276183292
3,0,1,-0.0444931050296396,1.46630649052722,-0.46,0.229839501462733
3,0,1,-0.0444931050296396,1.46630649052722,-0.45,0.228424718726663
3,0,1,-0.0444931050296396,1.46630649052722,-0.44,0.227038140931294
3,0,1,-0.0444931050296396,1.46630649052722,-0.43,0.225679961998485
3,0,1,-0.0444931050296396,1.46630649052722,-0.42,0.224350357782442
3,0,1,-0.0444931050296396,1.46630649052722,-0.41,0.223049487010507
3,0,1,-0.0444931050296396,1.46630649052722,-0.4,0.221777492197791
3,0,1,-0.0444931050296396,1.46630649052722,-0.39,0.220534500535509
3,0,1,-0.0444931050296396,1.46630649052722,-0.38,0.219320624752881
3,0,1,-0.0444931050296396,1.46630649052722,-0.37,0.218135963952591
3,0,1,-0.0444931050296396,1.46630649052722,-0.36,0.216980604419798
3,0,1,-0.0444931050296396,1.46630649052722,-0.35,0.21585462040476
3,0,1,-0.0444931050296396,1.46630649052722,-0.34,0.2147580748792
3,0,1,-0.0444931050296396,1.46630649052722,-0.33,0.213691020266545
3,0,1,-0.0444931050296396,1.46630649052722,-0.32,0.212653499146231
3,0,1,-0.0444931050296396,1.46630649052722,-0.31,0.2116455449323
3,0,1,-0.0444931050296396,1.46630649052722,-0.3,0.210667182526531
3,0,1,-0.0444931050296396,1.46630649052722,-0.29,0.209718428946377
3,0,1,-0.0444931050296396,1.46630649052722,-0.28,0.208799293928021
3,0,1,-0.0444931050296396,1.46630649052722,-0.27,0.207909780504839
3,0,1,-0.0444931050296396,1.46630649052722,-0.26,0.207049885561627
3,0,1,-0.0444931050296396,1.46630649052722,-0.25,0.206219600364918
3,0,1,-0.0444931050296396,1.46630649052722,-0.24,0.205418911069753
3,0,1,-0.0444931050296396,1.46630649052722,-0.23,0.204647799203251
3,0,1,-0.0444931050296396,1.46630649052722,-0.22,0.203906242125371
3,0,1,-0.0444931050296396,1.46630649052722,-0.21,0.203194213467203
3,0,1,-0.0444931050296396,1.46630649052722,-0.2,0.202511683547179
3,0,1,-0.0444931050296396,1.46630649052722,-0.19,0.201858619765562
3,0,1,-0.0444931050296396,1.46630649052722,-0.18,0.201234986977585
3,0,1,-0.0444931050296396,1.46630649052722,-0.17,0.200640747845586
3,0,1,-0.0444931050296396,1.46630649052722,-0.16,0.200075863170509
3,0,1,-0.0444931050296396,1.46630649052722,-0.15,0.199540292203105
3,0,1,-0.0444931050296396,1.46630649052722,-0.14,0.199033992935172
3,0,1,-0.0444931050296396,1.46630649052722,-0.13,0.198556922371159
3,0,1,-0.0444931050296396,1.46630649052722,-0.12,0.198109036780454
3,0,1,-0.0444931050296396,1.46630649052722,-0.11,0.197690291930644
3,0,1,-0.0444931050296396,1.46630649052722,-0.1,0.197300643302049
3,0,1,-0.0444931050296396,1.46630649052722,-0.0899999999999999,0.196940046283794
3,0,1,-0.0444931050296396,1.46630649052722,-0.0800000000000001,0.19660845635168
3,0,1,-0.0444931050296396,1.46630649052722,-0.0699999999999998,0.196305829228097
3,0,1,-0.0444931050296396,1.46630649052722,-0.06,0.196032121024203
3,0,1,-0.0444931050296396,1.46630649052722,-0.0499999999999998,0.195787288364572
3,0,1,-0.0444931050296396,1.46630649052722,-0.04,0.195571288494517
3,0,1,-0.0444931050296396,1.46630649052722,-0.0299999999999998,0.195384079370245
3,0,1,-0.0444931050296396,1.46630649052722,-0.02,0.195225619732004
3,0,1,-0.0444931050296396,1.46630649052722,-0.00999999999999979,0.195095869160367
3,0,1,-0.0444931050296396,1.46630649052722,0,0.19499478811575
3,0,1,-0.0444931050296396,1.46630649052722,0.00999999999999979,0.194922337961289
3,0,1,-0.0444931050296396,1.46630649052722,0.0200000000000005,0.194878480969133
3,0,1,-0.0444931050296396,1.46630649052722,0.0300000000000002,0.194863180310227
3,0,1,-0.0444931050296396,1.46630649052722,0.04,0.194876400027624
3,0,1,-0.0444931050296396,1.46630649052722,0.0499999999999998,0.194918104993344
3,0,1,-0.0444931050296396,1.46630649052722,0.0600000000000005,0.194988260848793
3,0,1,-0.0444931050296396,1.46630649052722,0.0700000000000003,0.195086833928725
3,0,1,-0.0444931050296396,1.46630649052722,0.0800000000000001,0.195213791168709
3,0,1,-0.0444931050296396,1.46630649052722,0.0899999999999999,0.195369099996065
3,0,1,-0.0444931050296396,1.46630649052722,0.0999999999999996,0.195552728204187
3,0,1,-0.0444931050296396,1.46630649052722,0.11,0.195764643810183
3,0,1,-0.0444931050296396,1.46630649052722,0.12,0.196004814895717
3,0,1,-0.0444931050296396,1.46630649052722,0.13,0.196273209430951
3,0,1,-0.0444931050296396,1.46630649052722,0.14,0.19656979508145
3,0,1,-0.0444931050296396,1.46630649052722,0.15,0.196894538997903
3,0,1,-0.0444931050296396,1.46630649052722,0.16,0.197247407588501
3,0,1,-0.0444931050296396,1.46630649052722,0.17,0.197628366273803
3,0,1,-0.0444931050296396,1.46630649052722,0.18,0.198037379223909
3,0,1,-0.0444931050296396,1.46630649052722,0.19,0.198474409077735
3,0,1,-0.0444931050296396,1.46630649052722,0.2,0.198939416644193
3,0,1,-0.0444931050296396,1.46630649052722,0.21,0.199432360585072
3,0,1,-0.0444931050296396,1.46630649052722,0.22,0.199953197079382
3,0,1,-0.0444931050296396,1.46630649052722,0.23,0.200501879468946
3,0,1,-0.0444931050296396,1.46630649052722,0.24,0.201078357885018
3,0,1,-0.0444931050296396,1.46630649052722,0.25,0.201682578855674
3,0,1,-0.0444931050296396,1.46630649052722,0.26,0.202314484893763
3,0,1,-0.0444931050296396,1.46630649052722,0.27,0.20297401406518
3,0,1,-0.0444931050296396,1.46630649052722,0.28,0.203661099537213
3,0,1,-0.0444931050296396,1.46630649052722,0.29,0.204375669106773
3,0,1,-0.0444931050296396,1.46630649052722,0.3,0.205117644708261
3,0,1,-0.0444931050296396,1.46630649052722,0.31,0.205886941900866
3,0,1,-0.0444931050296396,1.46630649052722,0.32,0.206683469335115
3,0,1,-0.0444931050296396,1.46630649052722,0.33,0.207507128198475
3,0,1,-0.0444931050296396,1.46630649052722,0.34,0.208357811639838
3,0,1,-0.0444931050296396,1.46630649052722,0.350000000000001,0.209235404172762
3,0,1,-0.0444931050296396,1.46630649052722,0.36,0.210139781057325
3,0,1,-0.0444931050296396,1.46630649052722,0.37,0.211070807660502
3,0,1,-0.0444931050296396,1.46630649052722,0.38,0.212028338795
3,0,1,-0.0444931050296396,1.46630649052722,0.39,0.213012218036508
3,0,1,-0.0444931050296396,1.46630649052722,0.4,0.214022277019365
3,0,1,-0.0444931050296396,1.46630649052722,0.41,0.215058334710693
3,0,1,-0.0444931050296396,1.46630649052722,0.42,0.216120196663066
3,0,1,-0.0444931050296396,1.46630649052722,0.43,0.217207654245867
3,0,1,-0.0444931050296396,1.46630649052722,0.44,0.218320483855495
3,0,1,-0.0444931050296396,1.46630649052722,0.45,0.219458446104686
3,0,1,-0.0444931050296396,1.46630649052722,0.46,0.220621284991238
3,0,1,-0.0444931050296396,1.46630649052722,0.47,0.221808727046515
3,0,1,-0.0444931050296396,1.46630649052722,0.48,0.22302048046417
3,0,1,-0.0444931050296396,1.46630649052722,0.49,0.224256234209606
3,0,1,-0.0444931050296396,1.46630649052722,0.5,0.225515657110768
3,0,1,-0.0444931050296396,1.46630649052722,0.51,0.226798396930958
3,0,1,-0.0444931050296396,1.46630649052722,0.52,0.228104079424447
3,0,1,-0.0444931050296396,1.46630649052722,0.53,0.229432307375757
3,0,1,-0.0444931050296396,1.46630649052722,0.54,0.230782659623595
3,0,1,-0.0444931050296396,1.46630649052722,0.55,0.232154690070525
3,0,1,-0.0444931050296396,1.46630649052722,0.56,0.233547926679581
3,0,1,-0.0444931050296396,1.46630649052722,0.57,0.234961870459134
3,0,1,-0.0444931050296396,1.46630649052722,0.58,0.236395994437481
3,0,1,-0.0444931050296396,1.46630649052722,0.59,0.23784974262872
3,0,1,-0.0444931050296396,1.46630649052722,0.6,0.239322528991637
3,0,1,-0.0444931050296396,1.46630649052722,0.61,0.24081373638347
3,0,1,-0.0444931050296396,1.46630649052722,0.62,0.242322715510563
3,0,1,-0.0444931050296396,1.46630649052722,0.63,0.24384878387807
3,0,1,-0.0444931050296396,1.46630649052722,0.64,0.245391224741052
3,0,1,-0.0444931050296396,1.46630649052722,0.65,0.246949286059443
3,0,1,-0.0444931050296396,1.46630649052722,0.66,0.248522179459574
3,0,1,-0.0444931050296396,1.46630649052722,0.67,0.250109079205063
3,0,1,-0.0444931050296396,1.46630649052722,0.68,0.251709121180129
3,0,1,-0.0444931050296396,1.46630649052722,0.69,0.253321401888498
3,0,1,-0.0444931050296396,1.46630649052722,0.7,0.254944977471315
3,0,1,-0.0444931050296396,1.46630649052722,0.71,0.256578862747634
3,0,1,-0.0444931050296396,1.46630649052722,0.72,0.258222030281261
3,0,1,-0.0444931050296396,1.46630649052722,0.73,0.259873409477919
3,0,1,-0.0444931050296396,1.46630649052722,0.74,0.261531885716888
3,0,1,-0.0444931050296396,1.46630649052722,0.75,0.263196299521503
3,0,1,-0.0444931050296396,1.46630649052722,0.76,0.264865445773034
3,0,1,-0.0444931050296396,1.46630649052722,0.77,0.266538072972718
3,0,1,-0.0444931050296396,1.46630649052722,0.78,0.268212882556879
3,0,1,-0.0444931050296396,1.46630649052722,0.79,0.269888528270254
3,0,1,-0.0444931050296396,1.46630649052722,0.8,0.271563615602849
3,0,1,-0.0444931050296396,1.46630649052722,0.81,0.273236701295807
3,0,1,-0.0444931050296396,1.46630649052722,0.82,0.274906292921945
3,0,1,-0.0444931050296396,1.46630649052722,0.83,0.276570848546799
3,0,1,-0.0444931050296396,1.46630649052722,0.84,0.278228776476118
3,0,1,-0.0444931050296396,1.46630649052722,0.85,0.279878435095962
3,0,1,-0.0444931050296396,1.46630649052722,0.86,0.281518132811607
3,0,1,-0.0444931050296396,1.46630649052722,0.87,0.283146128091641
3,0,1,-0.0444931050296396,1.46630649052722,0.88,0.28476062962368
3,0,1,-0.0444931050296396,1.46630649052722,0.89,0.286359796588244
3,0,1,-0.0444931050296396,1.46630649052722,0.9,0.287941739057367
3,0,1,-0.0444931050296396,1.46630649052722,0.91,0.289504518524568
3,0,1,-0.0444931050296396,1.46630649052722,0.92,0.291046148572802
3,0,1,-0.0444931050296396,1.46630649052722,0.93,0.29256459568701
3,0,1,-0.0444931050296396,1.46630649052722,0.94,0.294057780217828
3,0,1,-0.0444931050296396,1.46630649052722,0.95,0.295523577502946
3,0,1,-0.0444931050296396,1.46630649052722,0.96,0.296959819152505
3,0,1,-0.0444931050296396,1.46630649052722,0.97,0.298364294504757
3,0,1,-0.0444931050296396,1.46630649052722,0.98,0.299734752258054
3,0,1,-0.0444931050296396,1.46630649052722,0.99,0.301068902284999
3,0,1,-0.0444931050296396,1.46630649052722,1,0.302364417634331
3,0,1,-0.0444931050296396,1.46630649052722,1.01,0.303618936725812
3,0,1,-0.0444931050296396,1.46630649052722,1.02,0.304830065743042
3,0,1,-0.0444931050296396,1.46630649052722,1.03,0.305995381228713
3,0,1,-0.0444931050296396,1.46630649052722,1.04,0.307112432886387
3,0,1,-0.0444931050296396,1.46630649052722,1.05,0.308178746592366
3,0,1,-0.0444931050296396,1.46630649052722,1.06,0.309191827620703
3,0,1,-0.0444931050296396,1.46630649052722,1.07,0.310149164083756
3,0,1,-0.0444931050296396,1.46630649052722,1.08,0.311048230590094
3,0,1,-0.0444931050296396,1.46630649052722,1.09,0.311886492120795
3,0,1,-0.0444931050296396,1.46630649052722,1.1,0.312661408124448
3,0,1,-0.0444931050296396,1.46630649052722,1.11,0.313370436830354
3,0,1,-0.0444931050296396,1.46630649052722,1.12,0.31401103977851
3,0,1,-0.0444931050296396,1.46630649052722,1.13,0.31458068656409
3,0,1,-0.0444931050296396,1.46630649052722,1.14,0.315076859793102
3,0,1,-0.0444931050296396,1.46630649052722,1.15,0.31549706024489
3,0,1,-0.0444931050296396,1.46630649052722,1.16,0.315838812236084
3,0,1,-0.0444931050296396,1.46630649052722,1.17,0.316099669179435
3,0,1,-0.0444931050296396,1.46630649052722,1.18,0.316277219329817
3,0,1,-0.0444931050296396,1.46630649052722,1.19,0.316369091708465
3,0,1,-0.0444931050296396,1.46630649052722,1.2,0.316372962195248
3,0,1,-0.0444931050296396,1.46630649052722,1.21,0.316286559777494
3,0,1,-0.0444931050296396,1.46630649052722,1.22,0.316107672942568
3,0,1,-0.0444931050296396,1.46630649052722,1.23,0.315834156200067
3,0,1,-0.0444931050296396,1.46630649052722,1.24,0.315463936718126
3,0,1,-0.0444931050296396,1.46630649052722,1.25,0.314995021056968
3,0,1,-0.0444931050296396,1.46630649052722,1.26,0.314425501981472
3,0,1,-0.0444931050296396,1.46630649052722,1.27,0.313753565333146
3,0,1,-0.0444931050296396,1.46630649052722,1.28,0.31297749694055
3,0,1,-0.0444931050296396,1.46630649052722,1.29,0.312095689545889
3,0,1,-0.0444931050296396,1.46630649052722,1.3,0.311106649724183
3,0,1,-0.0444931050296396,1.46630649052722,1.31,0.310009004770183
3,0,1,-0.0444931050296396,1.46630649052722,1.32,0.308801509526968
3,0,1,-0.0444931050296396,1.46630649052722,1.33,0.307483053129044
3,0,1,-0.0444931050296396,1.46630649052722,1.34,0.306052665631685
3,0,1,-0.0444931050296396,1.46630649052722,1.35,0.304509524497266
3,0,1,-0.0444931050296396,1.46630649052722,1.36,0.302852960908458
3,0,1,-0.0444931050296396,1.46630649052722,1.37,0.301082465877381
3,0,1,-0.0444931050296396,1.46630649052722,1.38,0.299197696119146
3,0,1,-0.0444931050296396,1.46630649052722,1.39,0.297198479657684
3,0,1,-0.0444931050296396,1.46630649052722,1.4,0.295084821131402
3,0,1,-0.0444931050296396,1.46630649052722,1.41,0.292856906765962
3,0,1,-0.0444931050296396,1.46630649052722,1.42,0.290515108981399
3,0,1,-0.0444931050296396,1.46630649052722,1.43,0.288059990600972
3,0,1,-0.0444931050296396,1.46630649052722,1.44,0.285492308629366
3,0,1,-0.0444931050296396,1.46630649052722,1.45,0.282813017568427
3,0,1,-0.0444931050296396,1.46630649052722,1.46,0.280023272239277
3,0,1,-0.0444931050296396,1.46630649052722,1.47,0.277124430080582
3,0,1,-0.0444931050296396,1.46630649052722,1.48,0.274118052893887
3,0,1,-0.0444931050296396,1.46630649052722,1.49,0.27100590800827
3,0,1,-0.0444931050296396,1.46630649052722,1.5,0.26778996883816
3,0,1,-0.0444931050296396,1.46630649052722,1.51,0.264472414809969
3,0,1,-0.0444931050296396,1.46630649052722,1.52,0.261055630635237
3,0,1,-0.0444931050296396,1.46630649052722,1.53,0.257542204910234
3,0,1,-0.0444931050296396,1.46630649052722,1.54,0.253934928024477
3,0,1,-0.0444931050296396,1.46630649052722,1.55,0.25023678936331
3,0,1,-0.0444931050296396,1.46630649052722,1.56,0.24645097379264
3,0,1,-0.0444931050296396,1.46630649052722,1.57,0.242580857417025
3,0,1,-0.0444931050296396,1.46630649052722,1.58,0.238630002605633
3,0,1,-0.0444931050296396,1.46630649052722,1.59,0.234602152284101
3,0,1,-0.0444931050296396,1.46630649052722,1.6,0.230501223493958
3,0,1,-0.0444931050296396,1.46630649052722,1.61,0.226331300225103
3,0,1,-0.0444931050296396,1.46630649052722,1.62,0.222096625530725
3,0,1,-0.0444931050296396,1.46630649052722,1.63,0.21780159293812
3,0,1,-0.0444931050296396,1.46630649052722,1.64,0.213450737172927
3,0,1,-0.0444931050296396,1.46630649052722,1.65,0.20904872421851
3,0,1,-0.0444931050296396,1.46630649052722,1.66,0.204600340736355
3,0,1,-0.0444931050296396,1.46630649052722,1.67,0.200110482877564
3,0,1,-0.0444931050296396,1.46630649052722,1.68,0.19558414451967
3,0,1,-0.0444931050296396,1.46630649052722,1.69,0.191026404967048
3,0,1,-0.0444931050296396,1.46630649052722,1.7,0.186442416157228
3,0,1,-0.0444931050296396,1.46630649052722,1.71,0.181837389419208
3,0,1,-0.0444931050296396,1.46630649052722,1.72,0.177216581833585
3,0,1,-0.0444931050296396,1.46630649052722,1.73,0.172585282247775
3,0,1,-0.0444931050296396,1.46630649052722,1.74,0.167948797002852
3,0,1,-0.0444931050296396,1.46630649052722,1.75,0.163312435431496
3,0,1,-0.0444931050296396,1.46630649052722,1.76,0.158681495189223
3,0,1,-0.0444931050296396,1.46630649052722,1.77,0.154061247483422
3,0,1,-0.0444931050296396,1.46630649052722,1.78,0.149456922266675
3,0,1,-0.0444931050296396,1.46630649052722,1.79,0.144873693462464
3,0,1,-0.0444931050296396,1.46630649052722,1.8,0.140316664292536
3,0,1,-0.0444931050296396,1.46630649052722,1.81,0.135790852775932
3,0,1,-0.0444931050296396,1.46630649052722,1.82,0.131301177470001
3,0,1,-0.0444931050296396,1.46630649052722,1.83,0.126852443523514
3,0,1,-0.0444931050296396,1.46630649052722,1.84,0.122449329111363
3,0,1,-0.0444931050296396,1.46630649052722,1.85,0.118096372319152
3,0,1,-0.0444931050296396,1.46630649052722,1.86,0.113797958544365
3,0,1,-0.0444931050296396,1.46630649052722,1.87,0.109558308478642
3,0,1,-0.0444931050296396,1.46630649052722,1.88,0.105381466733081
3,0,1,-0.0444931050296396,1.46630649052722,1.89,0.101271291165382
3,0,1,-0.0444931050296396,1.46630649052722,1.9,0.0972314429640695
3,0,1,-0.0444931050296396,1.46630649052722,1.91,0.093265377541033
3,0,1,-0.0444931050296396,1.46630649052722,1.92,0.0893763362791831
3,0,1,-0.0444931050296396,1.46630649052722,1.93,0.08556733917721
3,0,1,-0.0444931050296396,1.46630649052722,1.94,0.0818411784282307
3,0,1,-0.0444931050296396,1.46630649052722,1.95,0.078200412963625
3,0,1,-0.0444931050296396,1.46630649052722,1.96,0.0746473639875576
3,0,1,-0.0444931050296396,1.46630649052722,1.97,0.0711841115216742
3,0,1,-0.0444931050296396,1.46630649052722,1.98,0.0678124919732384
3,0,1,-0.0444931050296396,1.46630649052722,1.99,0.06453409673363
3,0,1,-0.0444931050296396,1.46630649052722,2,0.0613502718076822
3,0,1,-0.0444931050296396,1.46630649052722,2.01,0.0582621184678749
3,0,1,-0.0444931050296396,1.46630649052722,2.02,0.0552704949209461
3,0,1,-0.0444931050296396,1.46630649052722,2.03,0.0523760189681218
3,0,1,-0.0444931050296396,1.46630649052722,2.04,0.0495790716339279
3,0,1,-0.0444931050296396,1.46630649052722,2.05,0.0468798017325143
3,0,1,-0.0444931050296396,1.46630649052722,2.06,0.0442781313346129
3,0,1,-0.0444931050296396,1.46630649052722,2.07,0.0417737620927585
3,0,1,-0.0444931050296396,1.46630649052722,2.08,0.0393661823772368
3,0,1,-0.0444931050296396,1.46630649052722,2.09,0.0370546751704652
3,0,1,-0.0444931050296396,1.46630649052722,2.1,0.0348383266631745
3,0,1,-0.0444931050296396,1.46630649052722,2.11,0.0327160354919019
3,0,1,-0.0444931050296396,1.46630649052722,2.12,0.0306865225539476
3,0,1,-0.0444931050296396,1.46630649052722,2.13,0.0287483413331294
3,0,1,-0.0444931050296396,1.46630649052722,2.14,0.0268998886673985
3,0,1,-0.0444931050296396,1.46630649052722,2.15,0.0251394158876904
3,0,1,-0.0444931050296396,1.46630649052722,2.16,0.0234650402562719
3,0,1,-0.0444931050296396,1.46630649052722,2.17,0.0218747566323282
3,0,1,-0.0444931050296396,1.46630649052722,2.18,0.0203664492925958
3,0,1,-0.0444931050296396,1.46630649052722,2.19,0.0189379038354964
3,0,1,-0.0444931050296396,1.46630649052722,2.2,0.0175868190984358
3,0,1,-0.0444931050296396,1.46630649052722,2.21,0.0163108190196875
3,0,1,-0.0444931050296396,1.46630649052722,2.22,0.0151074643785635
3,0,1,-0.0444931050296396,1.46630649052722,2.23,0.0139742643503361
3,0,1,-0.0444931050296396,1.46630649052722,2.24,0.0129086878156007
3,0,1,-0.0444931050296396,1.46630649052722,2.25,0.0119081743674034
3,0,1,-0.0444931050296396,1.46630649052722,2.26,0.0109701449634667
3,0,1,-0.0444931050296396,1.46630649052722,2.27,0.0100920121751755
3,0,1,-0.0444931050296396,1.46630649052722,2.28,0.00927118998959164
3,0,1,-0.0444931050296396,1.46630649052722,2.29,0.00850510312558905
3,0,1,-0.0444931050296396,1.46630649052722,2.3,0.00779119583020141
3,0,1,-0.0444931050296396,1.46630649052722,2.31,0.00712694012638118
3,0,1,-0.0444931050296396,1.46630649052722,2.32,0.00650984348854359
3,0,1,-0.0444931050296396,1.46630649052722,2.33,0.00593745592744771
3,0,1,-0.0444931050296396,1.46630649052722,2.34,0.00540737647110747
3,0,1,-0.0444931050296396,1.46630649052722,2.35,0.00491725903346749
3,0,1,-0.0444931050296396,1.46630649052722,2.36,0.00446481766748596
3,0,1,-0.0444931050296396,1.46630649052722,2.37,0.00404783120398698
3,0,1,-0.0444931050296396,1.46630649052722,2.38,0.00366414728214384
3,0,1,-0.0444931050296396,1.46630649052722,2.39,0.00331168578169084
3,0,1,-0.0444931050296396,1.46630649052722,2.4,0.00298844167090697
3,0,1,-0.0444931050296396,1.46630649052722,2.41,0.00269248728803946
3,0,1,-0.0444931050296396,1.46630649052722,2.42,0.00242197407711957
3,0,1,-0.0444931050296396,1.46630649052722,2.43,0.00217513380204497
3,0,1,-0.0444931050296396,1.46630649052722,2.44,0.0019502792653548
3,0,1,-0.0444931050296396,1.46630649052722,2.45,0.0017458045602941
3,0,1,-0.0444931050296396,1.46630649052722,2.46,0.00156018488655198
3,0,1,-0.0444931050296396,1.46630649052722,2.47,0.00139197596146493
3,0,1,-0.0444931050296396,1.46630649052722,2.48,0.00123981305950843
3,0,1,-0.0444931050296396,1.46630649052722,2.49,0.00110240971356794
3,0,1,-0.0444931050296396,1.46630649052722,2.5,0.000978556111797388
3,0,1,-0.0444931050296396,1.46630649052722,2.51,0.000867117223859523
3,0,1,-0.0444931050296396,1.46630649052722,2.52,0.000767030690015272
3,0,1,-0.0444931050296396,1.46630649052722,2.53,0.000677304505915208
3,0,1,-0.0444931050296396,1.46630649052722,2.54,0.000597014535068462
3,0,1,-0.0444931050296396,1.46630649052722,2.55,0.000525301879851543
3,0,1,-0.0444931050296396,1.46630649052722,2.56,0.000461370140598337
3,0,1,-0.0444931050296396,1.46630649052722,2.57,0.000404482590813584
3,0,1,-0.0444931050296396,1.46630649052722,2.58,0.000353959294903256
3,0,1,-0.0444931050296396,1.46630649052722,2.59,0.000309174193046599
3,0,1,-0.0444931050296396,1.46630649052722,2.6,0.000269552175973908
3,0,1,-0.0444931050296396,1.46630649052722,2.61,0.000234566170489641
3,0,1,-0.0444931050296396,1.46630649052722,2.62,0.000203734254618122
3,0,1,-0.0444931050296396,1.46630649052722,2.63,0.000176616819274187
3,0,1,-0.0444931050296396,1.46630649052722,2.64,0.000152813791396228
3,0,1,-0.0444931050296396,1.46630649052722,2.65,0.000131961931545899
3,0,1,-0.0444931050296396,1.46630649052722,2.66,0.000113732217095742
3,0,1,-0.0444931050296396,1.46630649052722,2.67,9.78273203104484e-05
3,0,1,-0.0444931050296396,1.46630649052722,2.68,8.39791888934182e-05
3,0,1,-0.0444931050296396,1.46630649052722,2.69,7.19467349302777e-05
3,0,1,-0.0444931050296396,1.46630649052722,2.7,6.15136366247425e-05
3,0,1,-0.0444931050296396,1.46630649052722,2.71,5.24862557973517e-05
3,0,1,-0.0444931050296396,1.46630649052722,2.72,4.46916728097129e-05
3,0,1,-0.0444931050296396,1.46630649052722,2.73,3.79758393892921e-05
3,0,1,-0.0444931050296396,1.46630649052722,2.74,3.22018487641213e-05
3,0,1,-0.0444931050296396,1.46630649052722,2.75,2.72483215727486e-05
3,0,1,-0.0444931050296396,1.46630649052722,2.76,2.30079051905955e-05
3,0,1,-0.0444931050296396,1.46630649052722,2.77,1.93858834063122e-05
3,0,1,-0.0444931050296396,1.46630649052722,2.78,1.62988927863868e-05
3,0,1,-0.0444931050296396,1.46630649052722,2.79,1.36737415776433e-05
3,0,1,-0.0444931050296396,1.46630649052722,2.8,1.1446326609104e-05
3,0,1,-0.0444931050296396,1.46630649052722,2.81,9.56064335999754e-06
3,0,1,-0.0444931050296396,1.46630649052722,2.82,7.96788415206303e-06
3,0,1,-0.0444931050296396,1.46630649052722,2.83,6.62561929394639e-06
3,0,1,-0.0444931050296396,1.46630649052722,2.84,5.49705594552185e-06
3,0,1,-0.0444931050296396,1.46630649052722,2.85,4.55036947242259e-06
3,0,1,-0.0444931050296396,1.46630649052722,2.86,3.75810211812014e-06
3,0,1,-0.0444931050296396,1.46630649052722,2.87,3.09662392489875e-06
3,0,1,-0.0444931050296396,1.46630649052722,2.88,2.54565097870848e-06
3,0,1,-0.0444931050296396,1.46630649052722,2.89,2.0878162291914e-06
3,0,1,-0.0444931050296396,1.46630649052722,2.9,1.70828833864976e-06
3,0,1,-0.0444931050296396,1.46630649052722,2.91,1.39443423633424e-06
3,0,1,-0.0444931050296396,1.46630649052722,2.92,1.13552129166803e-06
3,0,1,-0.0444931050296396,1.46630649052722,2.93,9.22455266911413e-07
3,0,1,-0.0444931050296396,1.46630649052722,2.94,7.47550461890902e-07
3,0,1,-0.0444931050296396,1.46630649052722,2.95,6.04328716873813e-07
3,0,1,-0.0444931050296396,1.46630649052722,2.96,4.87344191110143e-07
3,0,1,-0.0444931050296396,1.46630649052722,2.97,3.92031081138941e-07
3,0,1,-0.0444931050296396,1.46630649052722,2.98,3.14571682299368e-07
3,0,1,-0.0444931050296396,1.46630649052722,2.99,2.51782427086235e-07
3,0,1,-0.0444931050296396,1.46630649052722,3,2.01015753546855e-07
3,0,1,-0.0444931050296396,1.46630649052722,3.01,1.60075864715966e-07
3,0,1,-0.0444931050296396,1.46630649052722,3.02,1.27146635350848e-07
3,0,1,-0.0444931050296396,1.46630649052722,3.03,1.00730104487842e-07
3,0,1,-0.0444931050296396,1.46630649052722,3.04,7.95941613827626e-08
3,0,1,-0.0444931050296396,1.46630649052722,3.05,6.27281882379145e-08
3,0,1,-0.0444931050296396,1.46630649052722,3.06,4.93055659622584e-08
3,0,1,-0.0444931050296396,1.46630649052722,3.07,3.86520794209054e-08
3,0,1,-0.0444931050296396,1.46630649052722,3.08,3.02193766914916e-08
3,0,1,-0.0444931050296396,1.46630649052722,3.09,2.35627433408767e-08
3,0,1,-0.0444931050296396,1.46630649052722,3.1,1.83225483189295e-08
3,0,1,-0.0444931050296396,1.46630649052722,3.11,1.42088034379655e-08
3,0,1,-0.0444931050296396,1.46630649052722,3.12,1.09883542953983e-08
3,0,1,-0.0444931050296396,1.46630649052722,3.13,8.47428764324652e-09
3,0,1,-0.0444931050296396,1.46630649052722,3.14,6.5171993477627e-09
3,0,1,-0.0444931050296396,1.46630649052722,3.15,4.99801893711457e-09
3,0,1,-0.0444931050296396,1.46630649052722,3.16,3.82213200174495e-09
3,0,1,-0.0444931050296396,1.46630649052722,3.17,2.91458105611566e-09
3,0,1,-0.0444931050296396,1.46630649052722,3.18,2.21615952025485e-09
3,0,1,-0.0444931050296396,1.46630649052722,3.19,1.68024282244738e-09
3,0,1,-0.0444931050296396,1.46630649052722,3.2,1.27022580510809e-09
3,0,1,-0.0444931050296396,1.46630649052722,3.21,9.57457134988852e-10
3,0,1,-0.0444931050296396,1.46630649052722,3.22,7.19579733083011e-10
3,0,1,-0.0444931050296396,1.46630649052722,3.23,5.39201762490385e-10
3,0,1,-0.0444931050296396,1.46630649052722,3.24,4.02835816103211e-10
3,0,1,-0.0444931050296396,1.46630649052722,3.25,3.00054962674941e-10
3,0,1,-0.0444931050296396,1.46630649052722,3.26,2.22823534817148e-10
3,0,1,-0.0444931050296396,1.46630649052722,3.27,1.64968236263341e-10
3,0,1,-0.0444931050296396,1.46630649052722,3.28,1.21761536958764e-10
3,0,1,-0.0444931050296396,1.46630649052722,3.29,8.95946126547169e-11
3,0,1,-0.0444931050296396,1.46630649052722,3.3,6.57214437985112e-11
3,0,1,-0.0444931050296396,1.46630649052722,3.31,4.80592660101012e-11
3,0,1,-0.0444931050296396,1.46630649052722,3.32,3.50334895901197e-11
3,0,1,-0.0444931050296396,1.46630649052722,3.33,2.54575878700903e-11
3,0,1,-0.0444931050296396,1.46630649052722,3.34,1.84403869024892e-11
3,0,1,-0.0444931050296396,1.46630649052722,3.35,1.33147507308478e-11
3,0,1,-0.0444931050296396,1.46630649052722,3.36,9.58291353306009e-12
3,0,1,-0.0444931050296396,1.46630649052722,3.37,6.87471777792095e-12
3,0,1,-0.0444931050296396,1.46630649052722,3.38,4.91582241775642e-12
3,0,1,-0.0444931050296396,1.46630649052722,3.39,3.50358541656881e-12
3,0,1,-0.0444931050296396,1.46630649052722,3.4,2.48883225278387e-12
3,0,1,-0.0444931050296396,1.46630649052722,3.41,1.76212246435886e-12
3,0,1,-0.0444931050296396,1.46630649052722,3.42,1.24344111169658e-12
3,0,1,-0.0444931050296396,1.46630649052722,3.43,8.74488556818314e-13
3,0,1,-0.0444931050296396,1.46630649052722,3.44,6.12934248510336e-13
3,0,1,-0.0444931050296396,1.46630649052722,3.45,4.28149602655234e-13
3,0,1,-0.0444931050296396,1.46630649052722,3.46,2.98050684458571e-13
3,0,1,-0.0444931050296396,1.46630649052722,3.47,2.06770520244857e-13
3,0,1,-0.0444931050296396,1.46630649052722,3.48,1.42949291497596e-13
3,0,1,-0.0444931050296396,1.46630649052722,3.49,9.8482990708622e-14
3,0,1,-0.0444931050296396,1.46630649052722,3.5,6.76109757746041e-14
3,0,1,-0.0444931050296396,1.46630649052722,3.51,4.62530978539707e-14
3,0,1,-0.0444931050296396,1.46630649052722,3.52,3.15299266416451e-14
3,0,1,-0.0444931050296396,1.46630649052722,3.53,2.14167934979772e-14
3,0,1,-0.0444931050296396,1.46630649052722,3.54,1.44952632415985e-14
3,0,1,-0.0444931050296396,1.46630649052722,3.55,9.77526909705478e-15
3,0,1,-0.0444931050296396,1.46630649052722,3.56,6.56830114734426e-15
3,0,1,-0.0444931050296396,1.46630649052722,3.57,4.39733798588473e-15
3,0,1,-0.0444931050296396,1.46630649052722,3.58,2.93311982464461e-15
3,0,1,-0.0444931050296396,1.46630649052722,3.59,1.94923236724515e-15
3,0,1,-0.0444931050296396,1.46630649052722,3.6,1.29057109154662e-15
3,0,1,-0.0444931050296396,1.46630649052722,3.61,8.51285807720198e-16
3,0,1,-0.0444931050296396,1.46630649052722,3.62,5.5941563643474e-16
3,0,1,-0.0444931050296396,1.46630649052722,3.63,3.66226813054937e-16
3,0,1,-0.0444931050296396,1.46630649052722,3.64,2.3884302133644e-16
3,0,1,-0.0444931050296396,1.46630649052722,3.65,1.5517165250359e-16
3,0,1,-0.0444931050296396,1.46630649052722,3.66,1.00424603633858e-16
3,0,1,-0.0444931050296396,1.46630649052722,3.67,6.47420214849629e-17
3,0,1,-0.0444931050296396,1.46630649052722,3.68,4.15758582239363e-17
3,0,1,-0.0444931050296396,1.46630649052722,3.69,2.65947218200382e-17
3,0,1,-0.0444931050296396,1.46630649052722,3.7,1.69449128943805e-17
3,0,1,-0.0444931050296396,1.46630649052722,3.71,1.07538323259188e-17
3,0,1,-0.0444931050296396,1.46630649052722,3.72,6.79763055762028e-18
3,0,1,-0.0444931050296396,1.46630649052722,3.73,4.27969235472542e-18
3,0,1,-0.0444931050296396,1.46630649052722,3.74,2.68360464112246e-18
3,0,1,-0.0444931050296396,1.46630649052722,3.75,1.67596820424218e-18
3,0,1,-0.0444931050296396,1.46630649052722,3.76,1.04242427152891e-18
3,0,1,-0.0444931050296396,1.46630649052722,3.77,6.45721086324013e-19
3,0,1,-0.0444931050296396,1.46630649052722,3.78,3.98343125045811e-19
3,0,1,-0.0444931050296396,1.46630649052722,3.79,2.4472128830096e-19
3,0,1,-0.0444931050296396,1.46630649052722,3.8,1.49719503521142e-19
3,0,1,-0.0444931050296396,1.46630649052722,3.81,9.12152223966504e-20
3,0,1,-0.0444931050296396,1.46630649052722,3.82,5.53386632840063e-20
3,0,1,-0.0444931050296396,1.46630649052722,3.83,3.34312385623102e-20
3,0,1,-0.0444931050296396,1.46630649052722,3.84,2.01107728572036e-20
3,0,1,-0.0444931050296396,1.46630649052722,3.85,1.20461302290705e-20
3,0,1,-0.0444931050296396,1.46630649052722,3.86,7.18453767932365e-21
3,0,1,-0.0444931050296396,1.46630649052722,3.87,4.26650770324597e-21
3,0,1,-0.0444931050296396,1.46630649052722,3.88,2.52265932417308e-21
3,0,1,-0.0444931050296396,1.46630649052722,3.89,1.48507005477699e-21
3,0,1,-0.0444931050296396,1.46630649052722,3.9,8.70417110676057e-22
3,0,1,-0.0444931050296396,1.46630649052722,3.91,5.07913658331519e-22
3,0,1,-0.0444931050296396,1.46630649052722,3.92,2.95069404975856e-22
3,0,1,-0.0444931050296396,1.46630649052722,3.93,1.70655420036328e-22
3,0,1,-0.0444931050296396,1.46630649052722,3.94,9.82578777137112e-23
3,0,1,-0.0444931050296396,1.46630649052722,3.95,5.63191131628947e-23
3,0,1,-0.0444931050296396,1.46630649052722,3.96,3.21347621907987e-23
3,0,1,-0.0444931050296396,1.46630649052722,3.97,1.82521875258877e-23
3,0,1,-0.0444931050296396,1.46630649052722,3.98,1.03196500719902e-23
3,0,1,-0.0444931050296396,1.46630649052722,3.99,5.80784315301453e-24
3,0,1,-0.0444931050296396,1.46630649052722,4,3.25352585767223e-24
